// Generated by font_translate.py; do not edit manually.
#pragma once
#include <stdint.h>
#include <pgmspace.h>
const uint8_t font_td_20[] PROGMEM = {
    0x00, 0x00, 0x00, 0x64, 0x00, 0x00, 0x00, 0x0B, 0x00, 0x00, 0x00, 0x14, 0x00, 0x00, 0x00, 0x00,
    0x00, 0x00, 0x00, 0x0E, 0x00, 0x00, 0x00, 0x03, 0x00, 0x00, 0x00, 0x2D, 0x00, 0x00, 0x00, 0x02,
    0x00, 0x00, 0x00, 0x0A, 0x00, 0x00, 0x00, 0x0A, 0x00, 0x00, 0x00, 0x08, 0x00, 0x00, 0x00, 0x00,
    0x00, 0x00, 0x00, 0x00, 0x00, 0x00, 0x00, 0x30, 0x00, 0x00, 0x00, 0x0E, 0x00, 0x00, 0x00, 0x09,
    0x00, 0x00, 0x00, 0x0A, 0x00, 0x00, 0x00, 0x0E, 0x00, 0x00, 0x00, 0x00, 0x00, 0x00, 0x00, 0x00,
    0x00, 0x00, 0x00, 0x31, 0x00, 0x00, 0x00, 0x0E, 0x00, 0x00, 0x00, 0x05, 0x00, 0x00, 0x00, 0x0A,
    0x00, 0x00, 0x00, 0x0E, 0x00, 0x00, 0x00, 0x01, 0x00, 0x00, 0x00, 0x00, 0x00, 0x00, 0x00, 0x32,
    0x00, 0x00, 0x00, 0x0E, 0x00, 0x00, 0x00, 0x09, 0x00, 0x00, 0x00, 0x0A, 0x00, 0x00, 0x00, 0x0E,
    0x00, 0x00, 0x00, 0x00, 0x00, 0x00, 0x00, 0x00, 0x00, 0x00, 0x00, 0x33, 0x00, 0x00, 0x00, 0x0E,
    0x00, 0x00, 0x00, 0x09, 0x00, 0x00, 0x00, 0x0A, 0x00, 0x00, 0x00, 0x0E, 0x00, 0x00, 0x00, 0x00,
    0x00, 0x00, 0x00, 0x00, 0x00, 0x00, 0x00, 0x34, 0x00, 0x00, 0x00, 0x0E, 0x00, 0x00, 0x00, 0x0A,
    0x00, 0x00, 0x00, 0x0A, 0x00, 0x00, 0x00, 0x0E, 0x00, 0x00, 0x00, 0x00, 0x00, 0x00, 0x00, 0x00,
    0x00, 0x00, 0x00, 0x35, 0x00, 0x00, 0x00, 0x0E, 0x00, 0x00, 0x00, 0x09, 0x00, 0x00, 0x00, 0x0A,
    0x00, 0x00, 0x00, 0x0E, 0x00, 0x00, 0x00, 0x00, 0x00, 0x00, 0x00, 0x00, 0x00, 0x00, 0x00, 0x36,
    0x00, 0x00, 0x00, 0x0E, 0x00, 0x00, 0x00, 0x0A, 0x00, 0x00, 0x00, 0x0A, 0x00, 0x00, 0x00, 0x0E,
    0x00, 0x00, 0x00, 0x00, 0x00, 0x00, 0x00, 0x00, 0x00, 0x00, 0x00, 0x37, 0x00, 0x00, 0x00, 0x0E,
    0x00, 0x00, 0x00, 0x0A, 0x00, 0x00, 0x00, 0x0A, 0x00, 0x00, 0x00, 0x0E, 0x00, 0x00, 0x00, 0x00,
    0x00, 0x00, 0x00, 0x00, 0x00, 0x00, 0x00, 0x38, 0x00, 0x00, 0x00, 0x0E, 0x00, 0x00, 0x00, 0x09,
    0x00, 0x00, 0x00, 0x0A, 0x00, 0x00, 0x00, 0x0E, 0x00, 0x00, 0x00, 0x00, 0x00, 0x00, 0x00, 0x00,
    0x00, 0x00, 0x00, 0x39, 0x00, 0x00, 0x00, 0x0E, 0x00, 0x00, 0x00, 0x09, 0x00, 0x00, 0x00, 0x0A,
    0x00, 0x00, 0x00, 0x0E, 0x00, 0x00, 0x00, 0x00, 0x00, 0x00, 0x00, 0x00, 0x00, 0x00, 0x00, 0x41,
    0x00, 0x00, 0x00, 0x0E, 0x00, 0x00, 0x00, 0x0A, 0x00, 0x00, 0x00, 0x0A, 0x00, 0x00, 0x00, 0x0E,
    0x00, 0x00, 0x00, 0x00, 0x00, 0x00, 0x00, 0x00, 0x00, 0x00, 0x00, 0x49, 0x00, 0x00, 0x00, 0x0E,
    0x00, 0x00, 0x00, 0x03, 0x00, 0x00, 0x00, 0x0A, 0x00, 0x00, 0x00, 0x0E, 0x00, 0x00, 0x00, 0x03,
    0x00, 0x00, 0x00, 0x00, 0x00, 0x00, 0x00, 0x4C, 0x00, 0x00, 0x00, 0x0E, 0x00, 0x00, 0x00, 0x0A,
    0x00, 0x00, 0x00, 0x0A, 0x00, 0x00, 0x00, 0x0E, 0x00, 0x00, 0x00, 0x00, 0x00, 0x00, 0x00, 0x00,
    0x00, 0x00, 0x00, 0x4E, 0x00, 0x00, 0x00, 0x0E, 0x00, 0x00, 0x00, 0x09, 0x00, 0x00, 0x00, 0x0A,
    0x00, 0x00, 0x00, 0x0E, 0x00, 0x00, 0x00, 0x00, 0x00, 0x00, 0x00, 0x00, 0x00, 0x00, 0x00, 0x50,
    0x00, 0x00, 0x00, 0x0E, 0x00, 0x00, 0x00, 0x09, 0x00, 0x00, 0x00, 0x0A, 0x00, 0x00, 0x00, 0x0E,
    0x00, 0x00, 0x00, 0x01, 0x00, 0x00, 0x00, 0x00, 0x00, 0x00, 0x00, 0x54, 0x00, 0x00, 0x00, 0x0E,
    0x00, 0x00, 0x00, 0x09, 0x00, 0x00, 0x00, 0x0A, 0x00, 0x00, 0x00, 0x0E, 0x00, 0x00, 0x00, 0x00,
    0x00, 0x00, 0x00, 0x00, 0x00, 0x00, 0x00, 0x57, 0x00, 0x00, 0x00, 0x0E, 0x00, 0x00, 0x00, 0x0A,
    0x00, 0x00, 0x00, 0x0A, 0x00, 0x00, 0x00, 0x0E, 0x00, 0x00, 0x00, 0x00, 0x00, 0x00, 0x00, 0x00,
    0x00, 0x00, 0x4E, 0x00, 0x00, 0x00, 0x00, 0x03, 0x00, 0x00, 0x00, 0x12, 0x00, 0x00, 0x00, 0x14,
    0x00, 0x00, 0x00, 0x09, 0x00, 0x00, 0x00, 0x01, 0x00, 0x00, 0x00, 0x00, 0x00, 0x00, 0x4E, 0x01,
    0x00, 0x00, 0x00, 0x11, 0x00, 0x00, 0x00, 0x12, 0x00, 0x00, 0x00, 0x14, 0x00, 0x00, 0x00, 0x0F,
    0x00, 0x00, 0x00, 0x01, 0x00, 0x00, 0x00, 0x00, 0x00, 0x00, 0x4E, 0x03, 0x00, 0x00, 0x00, 0x12,
    0x00, 0x00, 0x00, 0x13, 0x00, 0x00, 0x00, 0x14, 0x00, 0x00, 0x00, 0x10, 0x00, 0x00, 0x00, 0x00,
    0x00, 0x00, 0x00, 0x00, 0x00, 0x00, 0x4E, 0x09, 0x00, 0x00, 0x00, 0x10, 0x00, 0x00, 0x00, 0x12,
    0x00, 0x00, 0x00, 0x14, 0x00, 0x00, 0x00, 0x0F, 0x00, 0x00, 0x00, 0x01, 0x00, 0x00, 0x00, 0x00,
    0x00, 0x00, 0x4E, 0x11, 0x00, 0x00, 0x00, 0x10, 0x00, 0x00, 0x00, 0x12, 0x00, 0x00, 0x00, 0x14,
    0x00, 0x00, 0x00, 0x0F, 0x00, 0x00, 0x00, 0x01, 0x00, 0x00, 0x00, 0x00, 0x00, 0x00, 0x4E, 0x19,
    0x00, 0x00, 0x00, 0x12, 0x00, 0x00, 0x00, 0x12, 0x00, 0x00, 0x00, 0x14, 0x00, 0x00, 0x00, 0x10,
    0x00, 0x00, 0x00, 0x01, 0x00, 0x00, 0x00, 0x00, 0x00, 0x00, 0x4E, 0x59, 0x00, 0x00, 0x00, 0x10,
    0x00, 0x00, 0x00, 0x11, 0x00, 0x00, 0x00, 0x14, 0x00, 0x00, 0x00, 0x0F, 0x00, 0x00, 0x00, 0x02,
    0x00, 0x00, 0x00, 0x00, 0x00, 0x00, 0x4E, 0x5D, 0x00, 0x00, 0x00, 0x13, 0x00, 0x00, 0x00, 0x13,
    0x00, 0x00, 0x00, 0x14, 0x00, 0x00, 0x00, 0x11, 0x00, 0x00, 0x00, 0x01, 0x00, 0x00, 0x00, 0x00,
    0x00, 0x00, 0x4E, 0x8C, 0x00, 0x00, 0x00, 0x0E, 0x00, 0x00, 0x00, 0x12, 0x00, 0x00, 0x00, 0x14,
    0x00, 0x00, 0x00, 0x0E, 0x00, 0x00, 0x00, 0x01, 0x00, 0x00, 0x00, 0x00, 0x00, 0x00, 0x4E, 0x94,
    0x00, 0x00, 0x00, 0x10, 0x00, 0x00, 0x00, 0x12, 0x00, 0x00, 0x00, 0x14, 0x00, 0x00, 0x00, 0x0F,
    0x00, 0x00, 0x00, 0x01, 0x00, 0x00, 0x00, 0x00, 0x00, 0x00, 0x4E, 0xA5, 0x00, 0x00, 0x00, 0x14,
    0x00, 0x00, 0x00, 0x12, 0x00, 0x00, 0x00, 0x14, 0x00, 0x00, 0x00, 0x11, 0x00, 0x00, 0x00, 0x01,
    0x00, 0x00, 0x00, 0x00, 0x00, 0x00, 0x51, 0x54, 0x00, 0x00, 0x00, 0x14, 0x00, 0x00, 0x00, 0x14,
    0x00, 0x00, 0x00, 0x14, 0x00, 0x00, 0x00, 0x11, 0x00, 0x00, 0x00, 0x00, 0x00, 0x00, 0x00, 0x00,
    0x00, 0x00, 0x51, 0x6B, 0x00, 0x00, 0x00, 0x12, 0x00, 0x00, 0x00, 0x13, 0x00, 0x00, 0x00, 0x14,
    0x00, 0x00, 0x00, 0x10, 0x00, 0x00, 0x00, 0x00, 0x00, 0x00, 0x00, 0x00, 0x00, 0x00, 0x51, 0x6C,
    0x00, 0x00, 0x00, 0x13, 0x00, 0x00, 0x00, 0x13, 0x00, 0x00, 0x00, 0x14, 0x00, 0x00, 0x00, 0x11,
    0x00, 0x00, 0x00, 0x01, 0x00, 0x00, 0x00, 0x00, 0x00, 0x00, 0x51, 0x6D, 0x00, 0x00, 0x00, 0x12,
    0x00, 0x00, 0x00, 0x12, 0x00, 0x00, 0x00, 0x14, 0x00, 0x00, 0x00, 0x10, 0x00, 0x00, 0x00, 0x01,
    0x00, 0x00, 0x00, 0x00, 0x00, 0x00, 0x51, 0x9C, 0x00, 0x00, 0x00, 0x13, 0x00, 0x00, 0x00, 0x13,
    0x00, 0x00, 0x00, 0x14, 0x00, 0x00, 0x00, 0x11, 0x00, 0x00, 0x00, 0x00, 0x00, 0x00, 0x00, 0x00,
    0x00, 0x00, 0x51, 0xAC, 0x00, 0x00, 0x00, 0x13, 0x00, 0x00, 0x00, 0x13, 0x00, 0x00, 0x00, 0x14,
    0x00, 0x00, 0x00, 0x11, 0x00, 0x00, 0x00, 0x01, 0x00, 0x00, 0x00, 0x00, 0x00, 0x00, 0x52, 0x06,
    0x00, 0x00, 0x00, 0x13, 0x00, 0x00, 0x00, 0x13, 0x00, 0x00, 0x00, 0x14, 0x00, 0x00, 0x00, 0x11,
    0x00, 0x00, 0x00, 0x01, 0x00, 0x00, 0x00, 0x00, 0x00, 0x00, 0x52, 0x1D, 0x00, 0x00, 0x00, 0x13,
    0x00, 0x00, 0x00, 0x13, 0x00, 0x00, 0x00, 0x14, 0x00, 0x00, 0x00, 0x11, 0x00, 0x00, 0x00, 0x00,
    0x00, 0x00, 0x00, 0x00, 0x00, 0x00, 0x53, 0x41, 0x00, 0x00, 0x00, 0x13, 0x00, 0x00, 0x00, 0x13,
    0x00, 0x00, 0x00, 0x14, 0x00, 0x00, 0x00, 0x11, 0x00, 0x00, 0x00, 0x01, 0x00, 0x00, 0x00, 0x00,
    0x00, 0x00, 0x53, 0x48, 0x00, 0x00, 0x00, 0x13, 0x00, 0x00, 0x00, 0x12, 0x00, 0x00, 0x00, 0x14,
    0x00, 0x00, 0x00, 0x11, 0x00, 0x00, 0x00, 0x01, 0x00, 0x00, 0x00, 0x00, 0x00, 0x00, 0x53, 0x6F,
    0x00, 0x00, 0x00, 0x12, 0x00, 0x00, 0x00, 0x12, 0x00, 0x00, 0x00, 0x14, 0x00, 0x00, 0x00, 0x10,
    0x00, 0x00, 0x00, 0x01, 0x00, 0x00, 0x00, 0x00, 0x00, 0x00, 0x53, 0x86, 0x00, 0x00, 0x00, 0x13,
    0x00, 0x00, 0x00, 0x12, 0x00, 0x00, 0x00, 0x14, 0x00, 0x00, 0x00, 0x10, 0x00, 0x00, 0x00, 0x00,
    0x00, 0x00, 0x00, 0x00, 0x00, 0x00, 0x54, 0x68, 0x00, 0x00, 0x00, 0x12, 0x00, 0x00, 0x00, 0x12,
    0x00, 0x00, 0x00, 0x14, 0x00, 0x00, 0x00, 0x10, 0x00, 0x00, 0x00, 0x00, 0x00, 0x00, 0x00, 0x00,
    0x00, 0x00, 0x56, 0xDB, 0x00, 0x00, 0x00, 0x11, 0x00, 0x00, 0x00, 0x11, 0x00, 0x00, 0x00, 0x14,
    0x00, 0x00, 0x00, 0x0F, 0x00, 0x00, 0x00, 0x01, 0x00, 0x00, 0x00, 0x00, 0x00, 0x00, 0x58, 0xEC,
    0x00, 0x00, 0x00, 0x11, 0x00, 0x00, 0x00, 0x12, 0x00, 0x00, 0x00, 0x14, 0x00, 0x00, 0x00, 0x10,
    0x00, 0x00, 0x00, 0x01, 0x00, 0x00, 0x00, 0x00, 0x00, 0x00, 0x59, 0x04, 0x00, 0x00, 0x00, 0x13,
    0x00, 0x00, 0x00, 0x14, 0x00, 0x00, 0x00, 0x14, 0x00, 0x00, 0x00, 0x11, 0x00, 0x00, 0x00, 0x00,
    0x00, 0x00, 0x00, 0x00, 0x00, 0x00, 0x59, 0x0F, 0x00, 0x00, 0x00, 0x13, 0x00, 0x00, 0x00, 0x13,
    0x00, 0x00, 0x00, 0x14, 0x00, 0x00, 0x00, 0x10, 0x00, 0x00, 0x00, 0x01, 0x00, 0x00, 0x00, 0x00,
    0x00, 0x00, 0x59, 0x27, 0x00, 0x00, 0x00, 0x13, 0x00, 0x00, 0x00, 0x13, 0x00, 0x00, 0x00, 0x14,
    0x00, 0x00, 0x00, 0x11, 0x00, 0x00, 0x00, 0x00, 0x00, 0x00, 0x00, 0x00, 0x00, 0x00, 0x5B, 0x50,
    0x00, 0x00, 0x00, 0x12, 0x00, 0x00, 0x00, 0x12, 0x00, 0x00, 0x00, 0x14, 0x00, 0x00, 0x00, 0x10,
    0x00, 0x00, 0x00, 0x01, 0x00, 0x00, 0x00, 0x00, 0x00, 0x00, 0x5B, 0x58, 0x00, 0x00, 0x00, 0x14,
    0x00, 0x00, 0x00, 0x12, 0x00, 0x00, 0x00, 0x14, 0x00, 0x00, 0x00, 0x11, 0x00, 0x00, 0x00, 0x01,
    0x00, 0x00, 0x00, 0x00, 0x00, 0x00, 0x5B, 0xC5, 0x00, 0x00, 0x00, 0x13, 0x00, 0x00, 0x00, 0x12,
    0x00, 0x00, 0x00, 0x14, 0x00, 0x00, 0x00, 0x11, 0x00, 0x00, 0x00, 0x01, 0x00, 0x00, 0x00, 0x00,
    0x00, 0x00, 0x5B, 0xD2, 0x00, 0x00, 0x00, 0x13, 0x00, 0x00, 0x00, 0x14, 0x00, 0x00, 0x00, 0x14,
    0x00, 0x00, 0x00, 0x11, 0x00, 0x00, 0x00, 0x00, 0x00, 0x00, 0x00, 0x00, 0x00, 0x00, 0x5C, 0x0F,
    0x00, 0x00, 0x00, 0x13, 0x00, 0x00, 0x00, 0x12, 0x00, 0x00, 0x00, 0x14, 0x00, 0x00, 0x00, 0x11,
    0x00, 0x00, 0x00, 0x01, 0x00, 0x00, 0x00, 0x00, 0x00, 0x00, 0x5D, 0xF1, 0x00, 0x00, 0x00, 0x12,
    0x00, 0x00, 0x00, 0x11, 0x00, 0x00, 0x00, 0x14, 0x00, 0x00, 0x00, 0x10, 0x00, 0x00, 0x00, 0x02,
    0x00, 0x00, 0x00, 0x00, 0x00, 0x00, 0x5D, 0xF3, 0x00, 0x00, 0x00, 0x11, 0x00, 0x00, 0x00, 0x11,
    0x00, 0x00, 0x00, 0x14, 0x00, 0x00, 0x00, 0x0F, 0x00, 0x00, 0x00, 0x02, 0x00, 0x00, 0x00, 0x00,
    0x00, 0x00, 0x5E, 0x74, 0x00, 0x00, 0x00, 0x13, 0x00, 0x00, 0x00, 0x14, 0x00, 0x00, 0x00, 0x14,
    0x00, 0x00, 0x00, 0x11, 0x00, 0x00, 0x00, 0x00, 0x00, 0x00, 0x00, 0x00, 0x00, 0x00, 0x5E, 0x9A,
    0x00, 0x00, 0x00, 0x13, 0x00, 0x00, 0x00, 0x13, 0x00, 0x00, 0x00, 0x14, 0x00, 0x00, 0x00, 0x11,
    0x00, 0x00, 0x00, 0x00, 0x00, 0x00, 0x00, 0x00, 0x00, 0x00, 0x5E, 0xFF, 0x00, 0x00, 0x00, 0x13,
    0x00, 0x00, 0x00, 0x12, 0x00, 0x00, 0x00, 0x14, 0x00, 0x00, 0x00, 0x11, 0x00, 0x00, 0x00, 0x01,
    0x00, 0x00, 0x00, 0x00, 0x00, 0x00, 0x5F, 0x00, 0x00, 0x00, 0x00, 0x12, 0x00, 0x00, 0x00, 0x12,
    0x00, 0x00, 0x00, 0x14, 0x00, 0x00, 0x00, 0x10, 0x00, 0x00, 0x00, 0x01, 0x00, 0x00, 0x00, 0x00,
    0x00, 0x00, 0x60, 0xCA, 0x00, 0x00, 0x00, 0x13, 0x00, 0x00, 0x00, 0x14, 0x00, 0x00, 0x00, 0x14,
    0x00, 0x00, 0x00, 0x11, 0x00, 0x00, 0x00, 0x00, 0x00, 0x00, 0x00, 0x00, 0x00, 0x00, 0x62, 0x0A,
    0x00, 0x00, 0x00, 0x13, 0x00, 0x00, 0x00, 0x12, 0x00, 0x00, 0x00, 0x14, 0x00, 0x00, 0x00, 0x11,
    0x00, 0x00, 0x00, 0x01, 0x00, 0x00, 0x00, 0x00, 0x00, 0x00, 0x62, 0x0C, 0x00, 0x00, 0x00, 0x13,
    0x00, 0x00, 0x00, 0x14, 0x00, 0x00, 0x00, 0x14, 0x00, 0x00, 0x00, 0x11, 0x00, 0x00, 0x00, 0x00,
    0x00, 0x00, 0x00, 0x00, 0x00, 0x00, 0x65, 0xE5, 0x00, 0x00, 0x00, 0x12, 0x00, 0x00, 0x00, 0x0E,
    0x00, 0x00, 0x00, 0x14, 0x00, 0x00, 0x00, 0x10, 0x00, 0x00, 0x00, 0x03, 0x00, 0x00, 0x00, 0x00,
    0x00, 0x00, 0x66, 0x0E, 0x00, 0x00, 0x00, 0x13, 0x00, 0x00, 0x00, 0x12, 0x00, 0x00, 0x00, 0x14,
    0x00, 0x00, 0x00, 0x10, 0x00, 0x00, 0x00, 0x01, 0x00, 0x00, 0x00, 0x00, 0x00, 0x00, 0x66, 0x25,
    0x00, 0x00, 0x00, 0x13, 0x00, 0x00, 0x00, 0x13, 0x00, 0x00, 0x00, 0x14, 0x00, 0x00, 0x00, 0x11,
    0x00, 0x00, 0x00, 0x01, 0x00, 0x00, 0x00, 0x00, 0x00, 0x00, 0x66, 0x91, 0x00, 0x00, 0x00, 0x13,
    0x00, 0x00, 0x00, 0x13, 0x00, 0x00, 0x00, 0x14, 0x00, 0x00, 0x00, 0x11, 0x00, 0x00, 0x00, 0x00,
    0x00, 0x00, 0x00, 0x00, 0x00, 0x00, 0x67, 0x08, 0x00, 0x00, 0x00, 0x12, 0x00, 0x00, 0x00, 0x10,
    0x00, 0x00, 0x00, 0x14, 0x00, 0x00, 0x00, 0x10, 0x00, 0x00, 0x00, 0x01, 0x00, 0x00, 0x00, 0x00,
    0x00, 0x00, 0x67, 0x2A, 0x00, 0x00, 0x00, 0x13, 0x00, 0x00, 0x00, 0x14, 0x00, 0x00, 0x00, 0x14,
    0x00, 0x00, 0x00, 0x11, 0x00, 0x00, 0x00, 0x00, 0x00, 0x00, 0x00, 0x00, 0x00, 0x00, 0x6C, 0x34,
    0x00, 0x00, 0x00, 0x14, 0x00, 0x00, 0x00, 0x14, 0x00, 0x00, 0x00, 0x14, 0x00, 0x00, 0x00, 0x11,
    0x00, 0x00, 0x00, 0x00, 0x00, 0x00, 0x00, 0x00, 0x00, 0x00, 0x6E, 0x05, 0x00, 0x00, 0x00, 0x13,
    0x00, 0x00, 0x00, 0x12, 0x00, 0x00, 0x00, 0x14, 0x00, 0x00, 0x00, 0x11, 0x00, 0x00, 0x00, 0x01,
    0x00, 0x00, 0x00, 0x00, 0x00, 0x00, 0x6E, 0xE1, 0x00, 0x00, 0x00, 0x13, 0x00, 0x00, 0x00, 0x13,
    0x00, 0x00, 0x00, 0x14, 0x00, 0x00, 0x00, 0x11, 0x00, 0x00, 0x00, 0x00, 0x00, 0x00, 0x00, 0x00,
    0x00, 0x00, 0x72, 0x5B, 0x00, 0x00, 0x00, 0x14, 0x00, 0x00, 0x00, 0x12, 0x00, 0x00, 0x00, 0x14,
    0x00, 0x00, 0x00, 0x11, 0x00, 0x00, 0x00, 0x01, 0x00, 0x00, 0x00, 0x00, 0x00, 0x00, 0x72, 0xD7,
    0x00, 0x00, 0x00, 0x13, 0x00, 0x00, 0x00, 0x13, 0x00, 0x00, 0x00, 0x14, 0x00, 0x00, 0x00, 0x11,
    0x00, 0x00, 0x00, 0x00, 0x00, 0x00, 0x00, 0x00, 0x00, 0x00, 0x73, 0x2A, 0x00, 0x00, 0x00, 0x14,
    0x00, 0x00, 0x00, 0x14, 0x00, 0x00, 0x00, 0x14, 0x00, 0x00, 0x00, 0x11, 0x00, 0x00, 0x00, 0x00,
    0x00, 0x00, 0x00, 0x00, 0x00, 0x00, 0x73, 0x34, 0x00, 0x00, 0x00, 0x14, 0x00, 0x00, 0x00, 0x14,
    0x00, 0x00, 0x00, 0x14, 0x00, 0x00, 0x00, 0x11, 0x00, 0x00, 0x00, 0x00, 0x00, 0x00, 0x00, 0x00,
    0x00, 0x00, 0x75, 0x32, 0x00, 0x00, 0x00, 0x12, 0x00, 0x00, 0x00, 0x10, 0x00, 0x00, 0x00, 0x14,
    0x00, 0x00, 0x00, 0x10, 0x00, 0x00, 0x00, 0x02, 0x00, 0x00, 0x00, 0x00, 0x00, 0x00, 0x75, 0x33,
    0x00, 0x00, 0x00, 0x14, 0x00, 0x00, 0x00, 0x10, 0x00, 0x00, 0x00, 0x14, 0x00, 0x00, 0x00, 0x11,
    0x00, 0x00, 0x00, 0x02, 0x00, 0x00, 0x00, 0x00, 0x00, 0x00, 0x76, 0x78, 0x00, 0x00, 0x00, 0x13,
    0x00, 0x00, 0x00, 0x14, 0x00, 0x00, 0x00, 0x14, 0x00, 0x00, 0x00, 0x11, 0x00, 0x00, 0x00, 0x00,
    0x00, 0x00, 0x00, 0x00, 0x00, 0x00, 0x76, 0x7D, 0x00, 0x00, 0x00, 0x13, 0x00, 0x00, 0x00, 0x10,
    0x00, 0x00, 0x00, 0x14, 0x00, 0x00, 0x00, 0x11, 0x00, 0x00, 0x00, 0x02, 0x00, 0x00, 0x00, 0x00,
    0x00, 0x00, 0x79, 0xCB, 0x00, 0x00, 0x00, 0x14, 0x00, 0x00, 0x00, 0x14, 0x00, 0x00, 0x00, 0x14,
    0x00, 0x00, 0x00, 0x11, 0x00, 0x00, 0x00, 0x00, 0x00, 0x00, 0x00, 0x00, 0x00, 0x00, 0x79, 0xCD,
    0x00, 0x00, 0x00, 0x14, 0x00, 0x00, 0x00, 0x13, 0x00, 0x00, 0x00, 0x14, 0x00, 0x00, 0x00, 0x11,
    0x00, 0x00, 0x00, 0x00, 0x00, 0x00, 0x00, 0x00, 0x00, 0x00, 0x7A, 0xCB, 0x00, 0x00, 0x00, 0x13,
    0x00, 0x00, 0x00, 0x12, 0x00, 0x00, 0x00, 0x14, 0x00, 0x00, 0x00, 0x11, 0x00, 0x00, 0x00, 0x01,
    0x00, 0x00, 0x00, 0x00, 0x00, 0x00, 0x7F, 0x8A, 0x00, 0x00, 0x00, 0x14, 0x00, 0x00, 0x00, 0x13,
    0x00, 0x00, 0x00, 0x14, 0x00, 0x00, 0x00, 0x11, 0x00, 0x00, 0x00, 0x00, 0x00, 0x00, 0x00, 0x00,
    0x00, 0x00, 0x81, 0xF3, 0x00, 0x00, 0x00, 0x11, 0x00, 0x00, 0x00, 0x12, 0x00, 0x00, 0x00, 0x14,
    0x00, 0x00, 0x00, 0x0F, 0x00, 0x00, 0x00, 0x01, 0x00, 0x00, 0x00, 0x00, 0x00, 0x00, 0x82, 0x92,
    0x00, 0x00, 0x00, 0x11, 0x00, 0x00, 0x00, 0x12, 0x00, 0x00, 0x00, 0x14, 0x00, 0x00, 0x00, 0x10,
    0x00, 0x00, 0x00, 0x01, 0x00, 0x00, 0x00, 0x00, 0x00, 0x00, 0x86, 0x4E, 0x00, 0x00, 0x00, 0x14,
    0x00, 0x00, 0x00, 0x14, 0x00, 0x00, 0x00, 0x14, 0x00, 0x00, 0x00, 0x11, 0x00, 0x00, 0x00, 0x00,
    0x00, 0x00, 0x00, 0x00, 0x00, 0x00, 0x86, 0xC7, 0x00, 0x00, 0x00, 0x13, 0x00, 0x00, 0x00, 0x14,
    0x00, 0x00, 0x00, 0x14, 0x00, 0x00, 0x00, 0x11, 0x00, 0x00, 0x00, 0x00, 0x00, 0x00, 0x00, 0x00,
    0x00, 0x00, 0x86, 0xF0, 0x00, 0x00, 0x00, 0x14, 0x00, 0x00, 0x00, 0x14, 0x00, 0x00, 0x00, 0x14,
    0x00, 0x00, 0x00, 0x11, 0x00, 0x00, 0x00, 0x00, 0x00, 0x00, 0x00, 0x00, 0x00, 0x00, 0x8C, 0x37,
    0x00, 0x00, 0x00, 0x14, 0x00, 0x00, 0x00, 0x14, 0x00, 0x00, 0x00, 0x14, 0x00, 0x00, 0x00, 0x11,
    0x00, 0x00, 0x00, 0x00, 0x00, 0x00, 0x00, 0x00, 0x00, 0x00, 0x8F, 0x9B, 0x00, 0x00, 0x00, 0x14,
    0x00, 0x00, 0x00, 0x13, 0x00, 0x00, 0x00, 0x14, 0x00, 0x00, 0x00, 0x11, 0x00, 0x00, 0x00, 0x01,
    0x00, 0x00, 0x00, 0x00, 0x00, 0x00, 0x8F, 0xB0, 0x00, 0x00, 0x00, 0x12, 0x00, 0x00, 0x00, 0x13,
    0x00, 0x00, 0x00, 0x14, 0x00, 0x00, 0x00, 0x10, 0x00, 0x00, 0x00, 0x00, 0x00, 0x00, 0x00, 0x00,
    0x00, 0x00, 0x91, 0x49, 0x00, 0x00, 0x00, 0x12, 0x00, 0x00, 0x00, 0x12, 0x00, 0x00, 0x00, 0x14,
    0x00, 0x00, 0x00, 0x10, 0x00, 0x00, 0x00, 0x01, 0x00, 0x00, 0x00, 0x00, 0x00, 0x00, 0x96, 0x4D,
    0x00, 0x00, 0x00, 0x13, 0x00, 0x00, 0x00, 0x13, 0x00, 0x00, 0x00, 0x14, 0x00, 0x00, 0x00, 0x11,
    0x00, 0x00, 0x00, 0x01, 0x00, 0x00, 0x00, 0x00, 0x00, 0x00, 0x96, 0xE8, 0x00, 0x00, 0x00, 0x12,
    0x00, 0x00, 0x00, 0x12, 0x00, 0x00, 0x00, 0x14, 0x00, 0x00, 0x00, 0x10, 0x00, 0x00, 0x00, 0x01,
    0x00, 0x00, 0x00, 0x00, 0x00, 0x00, 0x96, 0xEA, 0x00, 0x00, 0x00, 0x12, 0x00, 0x00, 0x00, 0x12,
    0x00, 0x00, 0x00, 0x14, 0x00, 0x00, 0x00, 0x10, 0x00, 0x00, 0x00, 0x01, 0x00, 0x00, 0x00, 0x00,
    0x00, 0x00, 0x97, 0x1C, 0x00, 0x00, 0x00, 0x12, 0x00, 0x00, 0x00, 0x12, 0x00, 0x00, 0x00, 0x14,
    0x00, 0x00, 0x00, 0x10, 0x00, 0x00, 0x00, 0x01, 0x00, 0x00, 0x00, 0x00, 0x00, 0x00, 0x97, 0x32,
    0x00, 0x00, 0x00, 0x12, 0x00, 0x00, 0x00, 0x12, 0x00, 0x00, 0x00, 0x14, 0x00, 0x00, 0x00, 0x10,
    0x00, 0x00, 0x00, 0x01, 0x00, 0x00, 0x00, 0x00, 0x00, 0x00, 0x9A, 0x6C, 0x00, 0x00, 0x00, 0x12,
    0x00, 0x00, 0x00, 0x11, 0x00, 0x00, 0x00, 0x14, 0x00, 0x00, 0x00, 0x10, 0x00, 0x00, 0x00, 0x01,
    0x00, 0x00, 0x00, 0x00, 0x00, 0x00, 0x9E, 0x21, 0x00, 0x00, 0x00, 0x14, 0x00, 0x00, 0x00, 0x13,
    0x00, 0x00, 0x00, 0x14, 0x00, 0x00, 0x00, 0x11, 0x00, 0x00, 0x00, 0x00, 0x00, 0x00, 0x00, 0x00,
    0x00, 0x00, 0x9F, 0x20, 0x00, 0x00, 0x00, 0x13, 0x00, 0x00, 0x00, 0x13, 0x00, 0x00, 0x00, 0x14,
    0x00, 0x00, 0x00, 0x11, 0x00, 0x00, 0x00, 0x01, 0x00, 0x00, 0x00, 0x00, 0x00, 0x00, 0x9F, 0x99,
    0x00, 0x00, 0x00, 0x13, 0x00, 0x00, 0x00, 0x13, 0x00, 0x00, 0x00, 0x14, 0x00, 0x00, 0x00, 0x11,
    0x00, 0x00, 0x00, 0x01, 0x00, 0x00, 0x00, 0x00, 0x8A, 0xE4, 0xE4, 0xE4, 0xE4, 0xE4, 0xE4, 0xE4,
    0xE4, 0x43, 0x38, 0x5C, 0x5C, 0x5C, 0x5C, 0x5C, 0x5C, 0x5C, 0x5C, 0x1B, 0x00, 0x00, 0x17, 0x9F,
    0xE6, 0xEB, 0x91, 0x07, 0x00, 0x00, 0x10, 0xD7, 0xF7, 0x91, 0x9E, 0xFD, 0xA4, 0x00, 0x00, 0x8C,
    0xFF, 0x4E, 0x00, 0x00, 0x79, 0xFF, 0x40, 0x01, 0xE8, 0xCC, 0x00, 0x00, 0x00, 0x0B, 0xF3, 0x98,
    0x23, 0xFF, 0x86, 0x00, 0x00, 0x00, 0x00, 0xC2, 0xCD, 0x3E, 0xFF, 0x5E, 0x00, 0x00, 0x00, 0x00,
    0xA7, 0xE9, 0x4B, 0xFF, 0x4F, 0x00, 0x00, 0x00, 0x00, 0x9A, 0xF2, 0x4B, 0xFF, 0x48, 0x00, 0x00,
    0x00, 0x00, 0x97, 0xF0, 0x3D, 0xFF, 0x60, 0x00, 0x00, 0x00, 0x00, 0xA6, 0xDE, 0x18, 0xFF, 0x8B,
    0x00, 0x00, 0x00, 0x00, 0xCD, 0xBE, 0x00, 0xD2, 0xE0, 0x02, 0x00, 0x00, 0x1C, 0xFD, 0x82, 0x00,
    0x67, 0xFF, 0x8A, 0x00, 0x06, 0xAE, 0xFC, 0x29, 0x00, 0x01, 0xAC, 0xFF, 0xD8, 0xE1, 0xFF, 0x7F,
    0x00, 0x00, 0x00, 0x00, 0x60, 0xB8, 0xB4, 0x4F, 0x00, 0x00, 0x00, 0x00, 0x00, 0x58, 0xD9, 0x00,
    0x00, 0x3C, 0xF7, 0xF0, 0x00, 0x5A, 0xF6, 0xF6, 0xF0, 0x2C, 0xFD, 0x80, 0xA0, 0xF0, 0x21, 0x3D,
    0x00, 0xA0, 0xF0, 0x00, 0x00, 0x00, 0xA0, 0xF0, 0x00, 0x00, 0x00, 0xA0, 0xF0, 0x00, 0x00, 0x00,
    0xA0, 0xF0, 0x00, 0x00, 0x00, 0xA0, 0xF0, 0x00, 0x00, 0x00, 0xA0, 0xF0, 0x00, 0x00, 0x00, 0xA0,
    0xF0, 0x00, 0x00, 0x00, 0xA0, 0xF0, 0x00, 0x00, 0x00, 0xA0, 0xF0, 0x00, 0x00, 0x00, 0x55, 0x7F,
    0x00, 0x00, 0x3E, 0xBF, 0xF2, 0xF3, 0xBE, 0x2F, 0x00, 0x00, 0x46, 0xFC, 0xEB, 0x94, 0x9B, 0xF7,
    0xF0, 0x1C, 0x04, 0xE2, 0xD2, 0x12, 0x00, 0x00, 0x53, 0xFF, 0x7F, 0x25, 0xAC, 0x3A, 0x00, 0x00,
    0x00, 0x08, 0xFF, 0x9E, 0x00, 0x00, 0x00, 0x00, 0x00, 0x00, 0x2C, 0xFF, 0x7B, 0x00, 0x00, 0x00,
    0x00, 0x00, 0x00, 0x91, 0xFC, 0x28, 0x00, 0x00, 0x00, 0x00, 0x00, 0x30, 0xFB, 0x9D, 0x00, 0x00,
    0x00, 0x00, 0x00, 0x0A, 0xD5, 0xE4, 0x12, 0x00, 0x00, 0x00, 0x00, 0x00, 0xA4, 0xFB, 0x3C, 0x00,
    0x00, 0x00, 0x00, 0x00, 0x77, 0xFF, 0x6A, 0x00, 0x00, 0x00, 0x00, 0x00, 0x5F, 0xFE, 0x97, 0x00,
    0x00, 0x00, 0x00, 0x00, 0x48, 0xFD, 0xB8, 0x04, 0x00, 0x00, 0x00, 0x00, 0x00, 0xDB, 0xFF, 0xE8,
    0xE0, 0xE0, 0xE0, 0xE0, 0xB9, 0x06, 0x88, 0x88, 0x88, 0x88, 0x88, 0x88, 0x88, 0x70, 0x00, 0x00,
    0x1C, 0xA1, 0xDF, 0xE3, 0xAA, 0x29, 0x00, 0x00, 0x15, 0xE6, 0xDB, 0x80, 0x8C, 0xF2, 0xF2, 0x1D,
    0x00, 0x9C, 0xE7, 0x13, 0x00, 0x00, 0x46, 0xFF, 0x80, 0x01, 0x98, 0x5F, 0x00, 0x00, 0x00, 0x05,
    0xFE, 0x98, 0x00, 0x00, 0x00, 0x00, 0x00, 0x00, 0x3A, 0xFF, 0x6D, 0x00, 0x00, 0x00, 0x00, 0x13,
    0x59, 0xE3, 0xD0, 0x0A, 0x00, 0x00, 0x00, 0x03, 0xFF, 0xFF, 0xF2, 0x25, 0x00, 0x00, 0x00, 0x00,
    0x00, 0x2A, 0x72, 0xEA, 0xE8, 0x20, 0x00, 0x00, 0x00, 0x00, 0x00, 0x00, 0x2D, 0xFE, 0x9A, 0x00,
    0x00, 0x02, 0x00, 0x00, 0x00, 0x00, 0xDC, 0xC8, 0x13, 0xF0, 0x70, 0x00, 0x00, 0x00, 0x06, 0xEF,
    0xB8, 0x00, 0xC0, 0xF1, 0x37, 0x00, 0x00, 0x89, 0xFF, 0x68, 0x00, 0x21, 0xE7, 0xFD, 0xD0, 0xE2,
    0xFF, 0xAD, 0x02, 0x00, 0x00, 0x0F, 0x78, 0xAD, 0xA0, 0x56, 0x00, 0x00, 0x00, 0x00, 0x00, 0x00,
    0x00, 0x00, 0xAD, 0xAA, 0x00, 0x00, 0x00, 0x00, 0x00, 0x00, 0x00, 0x69, 0xFF, 0xBC, 0x00, 0x00,
    0x00, 0x00, 0x00, 0x00, 0x25, 0xF5, 0xFF, 0xBC, 0x00, 0x00, 0x00, 0x00, 0x00, 0x03, 0xC8, 0xE0,
    0xCF, 0xBC, 0x00, 0x00, 0x00, 0x00, 0x00, 0x7D, 0xFD, 0x3D, 0xC0, 0xBC, 0x00, 0x00, 0x00, 0x00,
    0x33, 0xFA, 0x85, 0x00, 0xC0, 0xBC, 0x00, 0x00, 0x00, 0x08, 0xD6, 0xCB, 0x05, 0x00, 0xC0, 0xBC,
    0x00, 0x00, 0x00, 0x91, 0xF4, 0x25, 0x00, 0x00, 0xC0, 0xBC, 0x00, 0x00, 0x43, 0xFE, 0x64, 0x00,
    0x00, 0x00, 0xC0, 0xBC, 0x00, 0x00, 0xBF, 0xFD, 0xC4, 0xC4, 0xC4, 0xC4, 0xF1, 0xF0, 0xC4, 0x77,
    0x6E, 0x90, 0x90, 0x90, 0x90, 0x90, 0xE4, 0xE2, 0x90, 0x57, 0x00, 0x00, 0x00, 0x00, 0x00, 0x00,
    0xC0, 0xBC, 0x00, 0x00, 0x00, 0x00, 0x00, 0x00, 0x00, 0x00, 0xC0, 0xBC, 0x00, 0x00, 0x00, 0x00,
    0x00, 0x00, 0x00, 0x00, 0x66, 0x63, 0x00, 0x00, 0x00, 0x00, 0x98, 0xAC, 0xAC, 0xAC, 0xAC, 0xAC,
    0x3D, 0x00, 0x11, 0xFE, 0xD2, 0xBC, 0xBC, 0xBC, 0xBC, 0x43, 0x00, 0x47, 0xFF, 0x33, 0x00, 0x00,
    0x00, 0x00, 0x00, 0x00, 0x7E, 0xF7, 0x06, 0x00, 0x00, 0x00, 0x00, 0x00, 0x00, 0xB5, 0xBD, 0x37,
    0x5F, 0x4C, 0x0C, 0x00, 0x00, 0x01, 0xED, 0xFD, 0xFF, 0xFF, 0xFF, 0xF3, 0x64, 0x00, 0x29, 0xFF,
    0xBA, 0x2F, 0x06, 0x31, 0xCD, 0xFD, 0x2F, 0x04, 0x24, 0x06, 0x00, 0x00, 0x00, 0x1F, 0xFB, 0x98,
    0x00, 0x00, 0x00, 0x00, 0x00, 0x00, 0x00, 0xD4, 0xC7, 0x00, 0x09, 0x00, 0x00, 0x00, 0x00, 0x00,
    0xD5, 0xD3, 0x81, 0xE9, 0x05, 0x00, 0x00, 0x00, 0x19, 0xFC, 0xAB, 0x48, 0xFF, 0x85, 0x00, 0x00,
    0x0D, 0xBA, 0xFF, 0x4F, 0x00, 0xA3, 0xFF, 0xDB, 0xC3, 0xF2, 0xFF, 0x94, 0x00, 0x00, 0x00, 0x51,
    0xA8, 0xC1, 0xA2, 0x46, 0x00, 0x00, 0x00, 0x00, 0x00, 0x00, 0x02, 0xBB, 0xD4, 0x0E, 0x00, 0x00,
    0x00, 0x00, 0x00, 0x00, 0x6F, 0xFF, 0x5E, 0x00, 0x00, 0x00, 0x00, 0x00, 0x00, 0x1E, 0xF3, 0xBB,
    0x00, 0x00, 0x00, 0x00, 0x00, 0x00, 0x00, 0xB6, 0xF6, 0x22, 0x00, 0x00, 0x00, 0x00, 0x00, 0x00,
    0x5B, 0xFF, 0x75, 0x00, 0x00, 0x00, 0x00, 0x00, 0x00, 0x0E, 0xE9, 0xFF, 0xDD, 0xF7, 0xE0, 0x75,
    0x02, 0x00, 0x00, 0x84, 0xFF, 0xD2, 0x6B, 0x61, 0xAE, 0xFF, 0xA0, 0x00, 0x03, 0xEC, 0xE5, 0x11,
    0x00, 0x00, 0x00, 0x93, 0xFF, 0x30, 0x27, 0xFF, 0x8D, 0x00, 0x00, 0x00, 0x00, 0x3F, 0xFF, 0x6C,
    0x33, 0xFF, 0x73, 0x00, 0x00, 0x00, 0x00, 0x3E, 0xFF, 0x74, 0x14, 0xFE, 0xA0, 0x00, 0x00, 0x00,
    0x00, 0x6D, 0xFF, 0x4E, 0x00, 0xC0, 0xFB, 0x45, 0x00, 0x00, 0x1C, 0xE3, 0xE7, 0x09, 0x00, 0x2C,
    0xE8, 0xFE, 0xC5, 0xB3, 0xF0, 0xF9, 0x45, 0x00, 0x00, 0x00, 0x19, 0x7E, 0xB4, 0xBA, 0x90, 0x25,
    0x00, 0x00, 0x18, 0xAC, 0xAC, 0xAC, 0xAC, 0xAC, 0xAC, 0xAC, 0xAC, 0x25, 0x1A, 0xBC, 0xBC, 0xBC,
    0xBC, 0xBC, 0xBC, 0xDD, 0xFF, 0x2F, 0x00, 0x00, 0x00, 0x00, 0x00, 0x00, 0x03, 0xD5, 0xBD, 0x00,
    0x00, 0x00, 0x00, 0x00, 0x00, 0x00, 0x67, 0xFD, 0x2F, 0x00, 0x00, 0x00, 0x00, 0x00, 0x00, 0x0B,
    0xE8, 0x9D, 0x00, 0x00, 0x00, 0x00, 0x00, 0x00, 0x00, 0x6F, 0xFD, 0x25, 0x00, 0x00, 0x00, 0x00,
    0x00, 0x00, 0x04, 0xE1, 0xAC, 0x00, 0x00, 0x00, 0x00, 0x00, 0x00, 0x00, 0x5A, 0xFF, 0x38, 0x00,
    0x00, 0x00, 0x00, 0x00, 0x00, 0x00, 0xBE, 0xD9, 0x00, 0x00, 0x00, 0x00, 0x00, 0x00, 0x00, 0x1E,
    0xFE, 0x7E, 0x00, 0x00, 0x00, 0x00, 0x00, 0x00, 0x00, 0x7A, 0xFF, 0x26, 0x00, 0x00, 0x00, 0x00,
    0x00, 0x00, 0x00, 0xC6, 0xE1, 0x00, 0x00, 0x00, 0x00, 0x00, 0x00, 0x00, 0x11, 0xFC, 0xA1, 0x00,
    0x00, 0x00, 0x00, 0x00, 0x00, 0x00, 0x24, 0x88, 0x3B, 0x00, 0x00, 0x00, 0x00, 0x00, 0x00, 0x00,
    0x50, 0xBB, 0xDE, 0xD0, 0x95, 0x17, 0x00, 0x00, 0x58, 0xFF, 0xC6, 0x88, 0x9A, 0xF2, 0xDF, 0x11,
    0x00, 0xDF, 0xB8, 0x01, 0x00, 0x00, 0x47, 0xFF, 0x6F, 0x03, 0xFF, 0x76, 0x00, 0x00, 0x00, 0x0E,
    0xFF, 0x89, 0x00, 0xE4, 0xB1, 0x00, 0x00, 0x00, 0x49, 0xFF, 0x5E, 0x00, 0x72, 0xFF, 0x9D, 0x54,
    0x71, 0xEC, 0xD0, 0x09, 0x00, 0x06, 0xC3, 0xFF, 0xFF, 0xFF, 0xE7, 0x27, 0x00, 0x00, 0xB1, 0xFF,
    0xAC, 0x67, 0x7E, 0xE6, 0xF4, 0x3B, 0x38, 0xFF, 0x8B, 0x00, 0x00, 0x00, 0x1A, 0xEB, 0xC4, 0x6B,
    0xFF, 0x30, 0x00, 0x00, 0x00, 0x00, 0xA5, 0xF2, 0x5E, 0xFF, 0x3B, 0x00, 0x00, 0x00, 0x00, 0xBB,
    0xE8, 0x32, 0xFF, 0xAC, 0x05, 0x00, 0x00, 0x50, 0xFD, 0x9E, 0x00, 0x9F, 0xFF, 0xEB, 0xC5, 0xDC,
    0xFF, 0xE7, 0x16, 0x00, 0x00, 0x55, 0xA3, 0xBE, 0xB8, 0x87, 0x1A, 0x00, 0x00, 0x00, 0x5B, 0xC4,
    0xF3, 0xE4, 0x91, 0x11, 0x00, 0x00, 0x86, 0xFF, 0xDB, 0x99, 0xC2, 0xFF, 0xD7, 0x11, 0x28, 0xFE,
    0xBE, 0x07, 0x00, 0x00, 0x7D, 0xFF, 0x88, 0x7A, 0xFF, 0x3E, 0x00, 0x00, 0x00, 0x08, 0xFA, 0xC5,
    0x98, 0xFF, 0x13, 0x00, 0x00, 0x00, 0x01, 0xF6, 0xC8, 0x85, 0xFF, 0x35, 0x00, 0x00, 0x00, 0x2F,
    0xFF, 0x98, 0x34, 0xFF, 0xC0, 0x0C, 0x00, 0x0F, 0xC8, 0xFF, 0x3A, 0x00, 0x80, 0xFF, 0xEA, 0xC2,
    0xF0, 0xFF, 0xC5, 0x00, 0x00, 0x00, 0x3C, 0x89, 0x98, 0xEA, 0xFF, 0x3E, 0x00, 0x00, 0x00, 0x00,
    0x00, 0x2E, 0xFE, 0xB0, 0x00, 0x00, 0x00, 0x00, 0x00, 0x00, 0xAE, 0xF9, 0x24, 0x00, 0x00, 0x00,
    0x00, 0x00, 0x38, 0xFE, 0x8B, 0x00, 0x00, 0x00, 0x00, 0x00, 0x00, 0xC7, 0xE7, 0x0D, 0x00, 0x00,
    0x00, 0x00, 0x00, 0x37, 0xC4, 0x56, 0x00, 0x00, 0x00, 0x00, 0x00, 0x00, 0x00, 0x06, 0xDF, 0xC1,
    0x00, 0x00, 0x00, 0x00, 0x00, 0x00, 0x00, 0x45, 0xFF, 0xFF, 0x1C, 0x00, 0x00, 0x00, 0x00, 0x00,
    0x00, 0x8F, 0xFF, 0xFF, 0x66, 0x00, 0x00, 0x00, 0x00, 0x00, 0x00, 0xD9, 0xCC, 0xEB, 0xB0, 0x00,
    0x00, 0x00, 0x00, 0x00, 0x22, 0xFF, 0x81, 0xAA, 0xF3, 0x06, 0x00, 0x00, 0x00, 0x00, 0x6C, 0xFF,
    0x3E, 0x67, 0xFF, 0x43, 0x00, 0x00, 0x00, 0x00, 0xB6, 0xF5, 0x06, 0x24, 0xFF, 0x8D, 0x00, 0x00,
    0x00, 0x09, 0xF6, 0xBA, 0x04, 0x04, 0xE1, 0xD7, 0x00, 0x00, 0x00, 0x4A, 0xFF, 0xFF, 0xFF, 0xFF,
    0xFF, 0xFF, 0x21, 0x00, 0x00, 0x94, 0xFF, 0x8A, 0x78, 0x78, 0x9F, 0xFF, 0x6B, 0x00, 0x00, 0xDD,
    0xEC, 0x01, 0x00, 0x00, 0x17, 0xFF, 0xB5, 0x00, 0x28, 0xFF, 0xAA, 0x00, 0x00, 0x00, 0x00, 0xD3,
    0xF6, 0x08, 0x72, 0xFF, 0x66, 0x00, 0x00, 0x00, 0x00, 0x8F, 0xFF, 0x49, 0x69, 0x9C, 0x1D, 0x00,
    0x00, 0x00, 0x00, 0x36, 0x9C, 0x51, 0x03, 0xC0, 0x96, 0x04, 0xFF, 0xC8, 0x04, 0xFF, 0xC8, 0x04,
    0xFF, 0xC8, 0x04, 0xFF, 0xC8, 0x04, 0xFF, 0xC8, 0x04, 0xFF, 0xC8, 0x04, 0xFF, 0xC8, 0x04, 0xFF,
    0xC8, 0x04, 0xFF, 0xC8, 0x04, 0xFF, 0xC8, 0x04, 0xFF, 0xC8, 0x04, 0xFF, 0xC8, 0x02, 0x9C, 0x79,
    0x0C, 0xC0, 0x8D, 0x00, 0x00, 0x00, 0x00, 0x00, 0x00, 0x00, 0x10, 0xFF, 0xBC, 0x00, 0x00, 0x00,
    0x00, 0x00, 0x00, 0x00, 0x10, 0xFF, 0xBC, 0x00, 0x00, 0x00, 0x00, 0x00, 0x00, 0x00, 0x10, 0xFF,
    0xBC, 0x00, 0x00, 0x00, 0x00, 0x00, 0x00, 0x00, 0x10, 0xFF, 0xBC, 0x00, 0x00, 0x00, 0x00, 0x00,
    0x00, 0x00, 0x10, 0xFF, 0xBC, 0x00, 0x00, 0x00, 0x00, 0x00, 0x00, 0x00, 0x10, 0xFF, 0xBC, 0x00,
    0x00, 0x00, 0x00, 0x00, 0x00, 0x00, 0x10, 0xFF, 0xBC, 0x00, 0x00, 0x00, 0x00, 0x00, 0x00, 0x00,
    0x10, 0xFF, 0xBC, 0x00, 0x00, 0x00, 0x00, 0x00, 0x00, 0x00, 0x10, 0xFF, 0xBC, 0x00, 0x00, 0x00,
    0x00, 0x00, 0x00, 0x00, 0x10, 0xFF, 0xBC, 0x00, 0x00, 0x00, 0x00, 0x00, 0x00, 0x00, 0x10, 0xFF,
    0xBC, 0x00, 0x00, 0x00, 0x00, 0x00, 0x00, 0x00, 0x10, 0xFF, 0xF7, 0xE0, 0xE0, 0xE0, 0xE0, 0xE0,
    0xE0, 0x0E, 0x09, 0x9C, 0x9C, 0x9C, 0x9C, 0x9C, 0x9C, 0x9C, 0x9C, 0x09, 0x2A, 0xC0, 0xAB, 0x01,
    0x00, 0x00, 0x00, 0xAB, 0xAE, 0x38, 0xFF, 0xFF, 0x49, 0x00, 0x00, 0x00, 0xE4, 0xE8, 0x38, 0xFF,
    0xFF, 0xBB, 0x00, 0x00, 0x00, 0xE4, 0xE8, 0x38, 0xFF, 0xFE, 0xFF, 0x2D, 0x00, 0x00, 0xE4, 0xE8,
    0x38, 0xFF, 0xAF, 0xFA, 0x9E, 0x00, 0x00, 0xE4, 0xE8, 0x38, 0xFF, 0x94, 0xA5, 0xF8, 0x17, 0x00,
    0xE4, 0xE8, 0x38, 0xFF, 0x94, 0x33, 0xFF, 0x81, 0x00, 0xE4, 0xE8, 0x38, 0xFF, 0x94, 0x00, 0xC2,
    0xEA, 0x08, 0xE4, 0xE8, 0x38, 0xFF, 0x94, 0x00, 0x50, 0xFF, 0x64, 0xE4, 0xE8, 0x38, 0xFF, 0x94,
    0x00, 0x02, 0xDC, 0xD5, 0xE6, 0xE8, 0x38, 0xFF, 0x94, 0x00, 0x00, 0x6D, 0xFF, 0xFF, 0xE8, 0x38,
    0xFF, 0x94, 0x00, 0x00, 0x0C, 0xEF, 0xFF, 0xE8, 0x38, 0xFF, 0x94, 0x00, 0x00, 0x00, 0x8A, 0xFF,
    0xE8, 0x22, 0x9C, 0x5A, 0x00, 0x00, 0x00, 0x1C, 0x9C, 0x8D, 0xBD, 0xC0, 0xC0, 0xC0, 0xB7, 0x8D,
    0x25, 0x00, 0x00, 0xFC, 0xF3, 0xBC, 0xBE, 0xD6, 0xFF, 0xF6, 0x42, 0x00, 0xFC, 0xD0, 0x00, 0x00,
    0x00, 0x39, 0xF8, 0xDC, 0x00, 0xFC, 0xD0, 0x00, 0x00, 0x00, 0x00, 0xB1, 0xFF, 0x23, 0xFC, 0xD0,
    0x00, 0x00, 0x00, 0x00, 0x9E, 0xFF, 0x32, 0xFC, 0xD0, 0x00, 0x00, 0x00, 0x00, 0xCB, 0xFE, 0x13,
    0xFC, 0xD5, 0x1C, 0x1E, 0x36, 0x97, 0xFF, 0xAD, 0x00, 0xFC, 0xFF, 0xFF, 0xFF, 0xFF, 0xFF, 0xBC,
    0x12, 0x00, 0xFC, 0xE2, 0x60, 0x60, 0x58, 0x2D, 0x00, 0x00, 0x00, 0xFC, 0xD0, 0x00, 0x00, 0x00,
    0x00, 0x00, 0x00, 0x00, 0xFC, 0xD0, 0x00, 0x00, 0x00, 0x00, 0x00, 0x00, 0x00, 0xFC, 0xD0, 0x00,
    0x00, 0x00, 0x00, 0x00, 0x00, 0x00, 0xFC, 0xD0, 0x00, 0x00, 0x00, 0x00, 0x00, 0x00, 0x00, 0x99,
    0x7E, 0x00, 0x00, 0x00, 0x00, 0x00, 0x00, 0x00, 0x1B, 0xC0, 0xC0, 0xC0, 0xC0, 0xC0, 0xC0, 0xC0,
    0xAE, 0x1A, 0xBC, 0xBC, 0xBD, 0xFF, 0xF1, 0xBC, 0xBC, 0xAA, 0x00, 0x00, 0x00, 0x04, 0xFF, 0xC8,
    0x00, 0x00, 0x00, 0x00, 0x00, 0x00, 0x04, 0xFF, 0xC8, 0x00, 0x00, 0x00, 0x00, 0x00, 0x00, 0x04,
    0xFF, 0xC8, 0x00, 0x00, 0x00, 0x00, 0x00, 0x00, 0x04, 0xFF, 0xC8, 0x00, 0x00, 0x00, 0x00, 0x00,
    0x00, 0x04, 0xFF, 0xC8, 0x00, 0x00, 0x00, 0x00, 0x00, 0x00, 0x04, 0xFF, 0xC8, 0x00, 0x00, 0x00,
    0x00, 0x00, 0x00, 0x04, 0xFF, 0xC8, 0x00, 0x00, 0x00, 0x00, 0x00, 0x00, 0x04, 0xFF, 0xC8, 0x00,
    0x00, 0x00, 0x00, 0x00, 0x00, 0x04, 0xFF, 0xC8, 0x00, 0x00, 0x00, 0x00, 0x00, 0x00, 0x04, 0xFF,
    0xC8, 0x00, 0x00, 0x00, 0x00, 0x00, 0x00, 0x04, 0xFF, 0xC8, 0x00, 0x00, 0x00, 0x00, 0x00, 0x00,
    0x02, 0x9C, 0x79, 0x00, 0x00, 0x00, 0xA8, 0xA0, 0x00, 0x0D, 0xC0, 0x90, 0x00, 0x1C, 0xC0, 0x6B,
    0xC4, 0xEC, 0x00, 0x30, 0xFF, 0xDF, 0x00, 0x3D, 0xFF, 0x73, 0xA3, 0xFF, 0x06, 0x53, 0xFF, 0xFC,
    0x05, 0x57, 0xFF, 0x52, 0x82, 0xFF, 0x1F, 0x77, 0xF4, 0xFF, 0x26, 0x70, 0xFF, 0x31, 0x62, 0xFF,
    0x39, 0x9A, 0xAA, 0xF7, 0x49, 0x8A, 0xFF, 0x11, 0x41, 0xFF, 0x53, 0xBD, 0x85, 0xD6, 0x6C, 0xA4,
    0xF0, 0x00, 0x21, 0xFF, 0x6D, 0xE0, 0x61, 0xB2, 0x8F, 0xBE, 0xD0, 0x00, 0x04, 0xFC, 0x8D, 0xFD,
    0x3D, 0x8E, 0xB3, 0xD8, 0xAF, 0x00, 0x00, 0xE0, 0xCF, 0xFF, 0x19, 0x6A, 0xDD, 0xF2, 0x8F, 0x00,
    0x00, 0xBF, 0xFF, 0xF4, 0x00, 0x46, 0xFF, 0xFF, 0x6E, 0x00, 0x00, 0x9F, 0xFF, 0xD1, 0x00, 0x22,
    0xFF, 0xFF, 0x4E, 0x00, 0x00, 0x7E, 0xFF, 0xAD, 0x00, 0x03, 0xFA, 0xFF, 0x2D, 0x00, 0x00, 0x5D,
    0xFF, 0x89, 0x00, 0x00, 0xDA, 0xFF, 0x0D, 0x00, 0x00, 0x31, 0xC4, 0x50, 0x00, 0x00, 0x8E, 0xB7,
    0x00, 0x00, 0x63, 0x68, 0x63, 0x5E, 0x5C, 0x5C, 0x5C, 0x5C, 0x5C, 0x5C, 0x5C, 0x5C, 0x5C, 0x5C,
    0x5C, 0x5E, 0x63, 0x61, 0xE8, 0xFF, 0xFF, 0xFF, 0xFF, 0xFF, 0xFF, 0xFF, 0xFF, 0xFF, 0xFF, 0xFF,
    0xFF, 0xFF, 0xFF, 0xFF, 0xFF, 0xE8, 0x87, 0x91, 0x8C, 0x87, 0x84, 0x84, 0x84, 0x84, 0x84, 0x84,
    0x84, 0x84, 0x84, 0x84, 0x84, 0x87, 0x8C, 0x86, 0xD1, 0xDD, 0xD9, 0xD8, 0xD8, 0xD8, 0xD8, 0xD8,
    0xD8, 0xD8, 0xD8, 0xD8, 0xD8, 0xD8, 0xD8, 0xD9, 0xDD, 0xD1, 0xB4, 0xBE, 0xBA, 0xB8, 0xB8, 0xB8,
    0xB8, 0xB8, 0xFB, 0xF0, 0xB8, 0xB8, 0xB8, 0xB8, 0xB8, 0xBA, 0xBF, 0xB5, 0x00, 0x00, 0x00, 0x00,
    0x00, 0x00, 0x00, 0x00, 0xF0, 0xC8, 0x00, 0x00, 0x00, 0x00, 0x00, 0x00, 0x00, 0x00, 0x00, 0x00,
    0x00, 0x00, 0x00, 0x00, 0x00, 0x00, 0xF0, 0xC8, 0x00, 0x00, 0x00, 0x00, 0x00, 0x00, 0x00, 0x00,
    0x00, 0x00, 0x00, 0x00, 0x00, 0x00, 0x00, 0x00, 0xF0, 0xC8, 0x00, 0x00, 0x00, 0x00, 0x00, 0x00,
    0x00, 0x00, 0x00, 0x00, 0x00, 0x00, 0x00, 0x00, 0x00, 0x00, 0xF0, 0xC8, 0x00, 0x00, 0x00, 0x00,
    0x00, 0x00, 0x00, 0x00, 0x00, 0x00, 0x00, 0x00, 0x00, 0x00, 0x00, 0x00, 0xF0, 0xC8, 0x00, 0x00,
    0x00, 0x00, 0x00, 0x00, 0x00, 0x00, 0x00, 0x00, 0x00, 0x00, 0x00, 0x00, 0x00, 0x00, 0xF0, 0xC8,
    0x00, 0x00, 0x00, 0x00, 0x00, 0x00, 0x00, 0x00, 0x00, 0x00, 0x00, 0x00, 0x00, 0x00, 0x00, 0x00,
    0xF0, 0xC8, 0x00, 0x00, 0x00, 0x00, 0x00, 0x00, 0x00, 0x00, 0x00, 0x00, 0x00, 0x00, 0x00, 0x00,
    0x00, 0x00, 0xF0, 0xC8, 0x00, 0x00, 0x00, 0x00, 0x00, 0x00, 0x00, 0x00, 0x00, 0x00, 0x00, 0x00,
    0x00, 0x00, 0x00, 0x00, 0xF0, 0xC8, 0x00, 0x00, 0x00, 0x00, 0x00, 0x00, 0x00, 0x00, 0x00, 0x00,
    0x00, 0x00, 0x00, 0x00, 0x00, 0x00, 0xF0, 0xC8, 0x00, 0x00, 0x00, 0x00, 0x00, 0x00, 0x00, 0x00,
    0x00, 0x00, 0x00, 0x00, 0x00, 0x00, 0x00, 0x00, 0xF0, 0xC8, 0x00, 0x00, 0x00, 0x00, 0x00, 0x00,
    0x00, 0x00, 0x00, 0x00, 0x00, 0x00, 0x00, 0x00, 0x00, 0x00, 0xF5, 0xC8, 0x00, 0x00, 0x00, 0x00,
    0x00, 0x00, 0x00, 0x00, 0x00, 0x00, 0x00, 0x00, 0x10, 0x4B, 0x51, 0x8D, 0xFF, 0xB7, 0x00, 0x00,
    0x00, 0x00, 0x00, 0x00, 0x00, 0x00, 0x00, 0x00, 0x00, 0x00, 0x03, 0xD9, 0xFF, 0xFF, 0xFC, 0x4F,
    0x00, 0x00, 0x00, 0x00, 0x00, 0x00, 0x00, 0x00, 0x00, 0x00, 0x00, 0x00, 0x00, 0x6B, 0xA5, 0x73,
    0x24, 0x00, 0x00, 0x00, 0x00, 0x00, 0x00, 0x00, 0x00, 0x00, 0x00, 0x00, 0x00, 0x00, 0x00, 0x00,
    0x00, 0x4E, 0xA0, 0x4E, 0x00, 0x00, 0x00, 0x00, 0x00, 0x00, 0x00, 0x00, 0x00, 0x00, 0x00, 0x00,
    0x00, 0x00, 0x00, 0x00, 0x79, 0xFF, 0x64, 0x00, 0x00, 0x00, 0x00, 0x00, 0x00, 0x00, 0x00, 0x00,
    0x00, 0x00, 0x00, 0x00, 0x00, 0x00, 0x00, 0x72, 0xFF, 0x51, 0x00, 0x00, 0x00, 0x00, 0x00, 0x00,
    0x00, 0x00, 0x00, 0x00, 0x00, 0x00, 0x00, 0x00, 0x00, 0x00, 0x6C, 0xFF, 0x4C, 0x00, 0x00, 0x00,
    0x00, 0x00, 0x00, 0x00, 0x00, 0x00, 0x00, 0x00, 0x00, 0x00, 0x00, 0x00, 0x00, 0x6C, 0xFF, 0x4C,
    0x00, 0x00, 0x00, 0x00, 0x00, 0x00, 0x09, 0x4D, 0x4B, 0x00, 0x00, 0x00, 0x00, 0x00, 0x00, 0x00,
    0x6C, 0xFF, 0x4C, 0x00, 0x00, 0x0A, 0x40, 0x7B, 0xB7, 0xF6, 0xFF, 0xBB, 0x00, 0x00, 0x00, 0x00,
    0x00, 0x00, 0x00, 0x6C, 0xFF, 0x8F, 0x92, 0xCC, 0xFB, 0xFF, 0xFE, 0xD4, 0x95, 0x5B, 0x2D, 0x00,
    0x00, 0x00, 0x0F, 0x3F, 0x6F, 0x9F, 0xDE, 0xFF, 0xFF, 0xFD, 0xCF, 0x90, 0x52, 0x14, 0x00, 0x00,
    0x00, 0x00, 0x20, 0xB2, 0xDE, 0xFF, 0xFF, 0xFF, 0xF4, 0xE1, 0xFF, 0x7A, 0x0F, 0x00, 0x00, 0x00,
    0x00, 0x00, 0x00, 0x00, 0x00, 0x06, 0xF2, 0xDA, 0x9E, 0x66, 0x2F, 0x03, 0x6C, 0xFF, 0x4C, 0x00,
    0x00, 0x00, 0x00, 0x00, 0x00, 0x00, 0x00, 0x00, 0x00, 0x15, 0x00, 0x00, 0x00, 0x00, 0x00, 0x6C,
    0xFF, 0x4C, 0x00, 0x00, 0x00, 0x00, 0x00, 0x00, 0x00, 0x00, 0x00, 0x00, 0x00, 0x00, 0x00, 0x00,
    0x00, 0x00, 0x6C, 0xFF, 0x4C, 0x00, 0x00, 0x00, 0x00, 0x00, 0x00, 0x00, 0x00, 0x00, 0x00, 0x00,
    0x00, 0x00, 0x00, 0x00, 0x00, 0x6C, 0xFF, 0x4C, 0x00, 0x00, 0x00, 0x00, 0x00, 0x00, 0x00, 0x00,
    0x00, 0x00, 0x00, 0x00, 0x00, 0x00, 0x00, 0x00, 0x6C, 0xFF, 0x4C, 0x00, 0x00, 0x00, 0x00, 0x00,
    0x00, 0x13, 0x60, 0x02, 0x00, 0x00, 0x00, 0x00, 0x00, 0x00, 0x00, 0x6C, 0xFF, 0x50, 0x00, 0x00,
    0x00, 0x00, 0x00, 0x00, 0x48, 0xFF, 0xBA, 0x00, 0x00, 0x00, 0x00, 0x00, 0x00, 0x00, 0x5C, 0xFF,
    0xB3, 0x3F, 0x3C, 0x3C, 0x3C, 0x3C, 0x41, 0xC7, 0xFF, 0x6F, 0x00, 0x00, 0x00, 0x00, 0x00, 0x00,
    0x00, 0x11, 0xD9, 0xFF, 0xFF, 0xFF, 0xFF, 0xFF, 0xFF, 0xFF, 0xFF, 0xD0, 0x0B, 0x00, 0x00, 0x00,
    0x00, 0x00, 0x00, 0x00, 0x00, 0x04, 0x23, 0x2C, 0x2C, 0x2C, 0x2C, 0x2C, 0x2C, 0x1E, 0x02, 0x00,
    0x00, 0x11, 0x5A, 0x53, 0x4D, 0x4C, 0x4C, 0x4C, 0x4C, 0x4C, 0x4C, 0x4C, 0x4C, 0x4D, 0x53, 0x5B,
    0x0A, 0x00, 0x00, 0x30, 0xFF, 0xFF, 0xFF, 0xFF, 0xFF, 0xFF, 0xFF, 0xFF, 0xFF, 0xFF, 0xFF, 0xFF,
    0xFF, 0xFF, 0x1C, 0x00, 0x00, 0x0C, 0x3F, 0x38, 0x31, 0x30, 0x30, 0x30, 0x30, 0x30, 0x30, 0x30,
    0x30, 0x30, 0x34, 0x3D, 0x07, 0x00, 0x00, 0x00, 0x00, 0x00, 0x00, 0x00, 0x00, 0x00, 0x00, 0x00,
    0x00, 0x00, 0x00, 0x00, 0x00, 0x00, 0x00, 0x00, 0x00, 0x00, 0x00, 0x00, 0x00, 0x00, 0x00, 0x00,
    0x00, 0x00, 0x00, 0x00, 0x00, 0x00, 0x00, 0x00, 0x00, 0x00, 0x00, 0x00, 0x00, 0x00, 0x00, 0x00,
    0x00, 0x00, 0x00, 0x00, 0x00, 0x00, 0x00, 0x00, 0x00, 0x00, 0x00, 0x00, 0x00, 0x00, 0x00, 0x2F,
    0x27, 0x20, 0x20, 0x20, 0x20, 0x20, 0x20, 0x20, 0x22, 0x29, 0x25, 0x00, 0x00, 0x00, 0x00, 0x00,
    0x04, 0xFF, 0xFF, 0xFF, 0xFF, 0xFF, 0xFF, 0xFF, 0xFF, 0xFF, 0xFF, 0xFF, 0xC8, 0x00, 0x00, 0x00,
    0x00, 0x00, 0x02, 0x80, 0x78, 0x70, 0x70, 0x70, 0x70, 0x70, 0x70, 0x70, 0x71, 0x77, 0x64, 0x00,
    0x00, 0x00, 0x00, 0x00, 0x00, 0x00, 0x00, 0x00, 0x00, 0x00, 0x00, 0x00, 0x00, 0x00, 0x00, 0x00,
    0x00, 0x00, 0x00, 0x00, 0x00, 0x00, 0x00, 0x00, 0x00, 0x00, 0x00, 0x00, 0x00, 0x00, 0x00, 0x00,
    0x00, 0x00, 0x00, 0x00, 0x00, 0x00, 0x00, 0x00, 0x00, 0x00, 0x00, 0x00, 0x00, 0x00, 0x00, 0x00,
    0x00, 0x00, 0x00, 0x00, 0x00, 0x00, 0x00, 0x00, 0x00, 0x00, 0x00, 0x00, 0x00, 0x00, 0x00, 0x00,
    0x00, 0x00, 0x00, 0x00, 0x00, 0x00, 0x00, 0x00, 0x00, 0x00, 0x11, 0x0E, 0x07, 0x04, 0x04, 0x04,
    0x04, 0x04, 0x04, 0x04, 0x04, 0x04, 0x04, 0x04, 0x04, 0x08, 0x17, 0x1C, 0xD4, 0xFF, 0xFF, 0xFF,
    0xFF, 0xFF, 0xFF, 0xFF, 0xFF, 0xFF, 0xFF, 0xFF, 0xFF, 0xFF, 0xFF, 0xFF, 0xFF, 0xC0, 0x81, 0x93,
    0x8E, 0x8C, 0x8C, 0x8C, 0x8C, 0x8C, 0x8C, 0x8C, 0x8C, 0x8C, 0x8C, 0x8C, 0x8C, 0x8D, 0x92, 0x75,
    0x00, 0x00, 0x6E, 0xA6, 0x9E, 0x9C, 0x9C, 0x9C, 0x9C, 0x9C, 0x9C, 0x9C, 0x9C, 0x9C, 0x9C, 0x54,
    0x00, 0x00, 0x00, 0x00, 0x74, 0xAF, 0xA7, 0xA4, 0xA4, 0xEF, 0xE8, 0xA4, 0xA4, 0xA4, 0xA4, 0xB3,
    0xFF, 0x7B, 0x00, 0x00, 0x00, 0x00, 0x00, 0x00, 0x00, 0x00, 0x00, 0xE2, 0xAD, 0x00, 0x00, 0x00,
    0x00, 0x38, 0xFF, 0x69, 0x00, 0x00, 0x00, 0x00, 0x00, 0x00, 0x00, 0x00, 0x01, 0xFA, 0x94, 0x00,
    0x00, 0x00, 0x00, 0x4A, 0xFF, 0x56, 0x00, 0x00, 0x00, 0x00, 0x00, 0x00, 0x00, 0x00, 0x14, 0xFF,
    0x7B, 0x00, 0x00, 0x00, 0x00, 0x5C, 0xFF, 0x44, 0x00, 0x00, 0x00, 0x00, 0x00, 0x00, 0x00, 0x00,
    0x2E, 0xFF, 0x62, 0x00, 0x00, 0x00, 0x00, 0x6E, 0xFF, 0x32, 0x00, 0x00, 0x00, 0x00, 0x00, 0x00,
    0x00, 0x00, 0x47, 0xFF, 0x48, 0x00, 0x00, 0x00, 0x00, 0x80, 0xFF, 0x20, 0x00, 0x00, 0x00, 0x00,
    0x7E, 0xD9, 0xD1, 0xD0, 0xE0, 0xFF, 0xDA, 0xD0, 0xD0, 0xD0, 0xD0, 0xE9, 0xFF, 0x0D, 0x00, 0x00,
    0x00, 0x00, 0x49, 0x7B, 0x72, 0x70, 0xBC, 0xFF, 0x75, 0x70, 0x70, 0x70, 0x70, 0xCD, 0xFA, 0x00,
    0x00, 0x00, 0x00, 0x00, 0x00, 0x00, 0x00, 0x00, 0x9C, 0xF7, 0x00, 0x00, 0x00, 0x00, 0x00, 0xB5,
    0xE9, 0x00, 0x00, 0x00, 0x00, 0x00, 0x00, 0x00, 0x00, 0x00, 0xB6, 0xE0, 0x00, 0x00, 0x00, 0x00,
    0x00, 0xC8, 0xD6, 0x00, 0x00, 0x00, 0x00, 0x00, 0x00, 0x00, 0x00, 0x00, 0xD0, 0xCA, 0x00, 0x00,
    0x00, 0x00, 0x00, 0xDC, 0xC4, 0x00, 0x00, 0x00, 0x00, 0x00, 0x00, 0x00, 0x00, 0x00, 0xEA, 0xB3,
    0x00, 0x00, 0x00, 0x00, 0x00, 0xEF, 0xB2, 0x00, 0x00, 0x00, 0x00, 0x00, 0x00, 0x00, 0x00, 0x05,
    0xFE, 0x9C, 0x00, 0x00, 0x00, 0x00, 0x04, 0xFE, 0xA0, 0x00, 0x00, 0x00, 0x44, 0x69, 0x64, 0x64,
    0x64, 0x72, 0xFF, 0xB8, 0x64, 0x64, 0x64, 0x64, 0x6F, 0xFF, 0xBC, 0x64, 0x69, 0x4D, 0x97, 0xFA,
    0xF2, 0xF0, 0xF0, 0xF0, 0xF0, 0xF0, 0xF0, 0xF0, 0xF0, 0xF0, 0xF0, 0xF0, 0xF0, 0xF1, 0xF9, 0xAB,
    0x0B, 0x06, 0x00, 0x00, 0x00, 0x00, 0x00, 0x00, 0x00, 0x00, 0x00, 0x00, 0x00, 0x00, 0x00, 0x01,
    0x06, 0x0D, 0xC0, 0xFF, 0xFF, 0xFF, 0xFF, 0xFF, 0xFF, 0xFF, 0xFF, 0xFF, 0xFF, 0xFF, 0xFF, 0xFF,
    0xFF, 0xFF, 0xFF, 0xE8, 0x5A, 0x6F, 0x68, 0x68, 0x68, 0x68, 0x68, 0x68, 0xD4, 0xF5, 0x68, 0x68,
    0x68, 0x68, 0x68, 0x6B, 0x72, 0x6D, 0x00, 0x00, 0x00, 0x00, 0x00, 0x00, 0x00, 0x00, 0xBC, 0xE7,
    0x00, 0x00, 0x00, 0x00, 0x00, 0x00, 0x00, 0x00, 0x00, 0x00, 0x00, 0x00, 0x00, 0x00, 0x00, 0x00,
    0xC3, 0xE1, 0x00, 0x00, 0x00, 0x00, 0x00, 0x00, 0x00, 0x00, 0x00, 0xAC, 0xB4, 0xB4, 0xB4, 0xB4,
    0xB4, 0xB4, 0xEF, 0xF5, 0xB4, 0xB4, 0xB4, 0xB4, 0xB4, 0xB4, 0x9E, 0x00, 0x00, 0xEE, 0xED, 0xB4,
    0xB4, 0xB4, 0xB4, 0xB4, 0xFD, 0xE7, 0xB4, 0xB4, 0xB4, 0xB4, 0xB4, 0xF2, 0xDA, 0x00, 0x00, 0xE6,
    0xC0, 0x00, 0x00, 0x00, 0x00, 0x24, 0xFF, 0x8F, 0x00, 0x00, 0x00, 0x00, 0x00, 0xD4, 0xD2, 0x00,
    0x00, 0xE4, 0xC0, 0x00, 0x00, 0x00, 0x00, 0x67, 0xFF, 0x7B, 0x00, 0x00, 0x00, 0x00, 0x00, 0xD4,
    0xD0, 0x00, 0x00, 0xE4, 0xC0, 0x00, 0x00, 0x00, 0x04, 0xDB, 0xFE, 0xFF, 0x95, 0x05, 0x00, 0x00,
    0x00, 0xD4, 0xD0, 0x00, 0x00, 0xE4, 0xC0, 0x00, 0x00, 0x00, 0x7C, 0xFF, 0x68, 0x95, 0xFF, 0xBF,
    0x0E, 0x00, 0x00, 0xD4, 0xD0, 0x00, 0x00, 0xE4, 0xC0, 0x00, 0x00, 0x5F, 0xFE, 0xB3, 0x01, 0x00,
    0x88, 0xFF, 0xCB, 0x12, 0x00, 0xD4, 0xD0, 0x00, 0x00, 0xE4, 0xC0, 0x08, 0x92, 0xFE, 0xC9, 0x0E,
    0x00, 0x00, 0x00, 0x8D, 0xFF, 0xD1, 0x06, 0xD4, 0xD0, 0x00, 0x00, 0xE4, 0xC0, 0x26, 0xEA, 0xB9,
    0x0E, 0x00, 0x00, 0x00, 0x00, 0x01, 0xAA, 0x6B, 0x00, 0xD4, 0xD0, 0x00, 0x00, 0xE4, 0xC0, 0x00,
    0x2B, 0x03, 0x00, 0x00, 0x00, 0x00, 0x00, 0x00, 0x03, 0x00, 0x00, 0xD4, 0xD0, 0x00, 0x00, 0xE7,
    0xC0, 0x00, 0x00, 0x00, 0x00, 0x00, 0x00, 0x00, 0x00, 0x00, 0x00, 0x00, 0x2F, 0xF6, 0xC3, 0x00,
    0x00, 0xEE, 0xC0, 0x00, 0x00, 0x00, 0x00, 0x00, 0x00, 0x00, 0x00, 0x02, 0xC9, 0xF9, 0xFF, 0xFF,
    0x6E, 0x00, 0x00, 0x9D, 0x7B, 0x00, 0x00, 0x00, 0x00, 0x00, 0x00, 0x00, 0x00, 0x00, 0x65, 0xB0,
    0x88, 0x45, 0x00, 0x00, 0x3B, 0xA7, 0x9F, 0x9C, 0x9C, 0x9C, 0x9C, 0x9C, 0x9C, 0x9C, 0x9C, 0x9C,
    0x9C, 0x30, 0x00, 0x00, 0x00, 0x53, 0xEC, 0xE4, 0xE0, 0xE0, 0xE0, 0xE0, 0xE0, 0xE0, 0xE6, 0xFF,
    0xFF, 0xFF, 0x4A, 0x00, 0x00, 0x00, 0x00, 0x00, 0x00, 0x00, 0x00, 0x00, 0x00, 0x00, 0x0E, 0xBF,
    0xFF, 0xD1, 0x39, 0x00, 0x00, 0x00, 0x00, 0x00, 0x00, 0x00, 0x00, 0x00, 0x00, 0x00, 0x16, 0xCE,
    0xFF, 0x98, 0x06, 0x00, 0x00, 0x00, 0x00, 0x00, 0x00, 0x00, 0x00, 0x00, 0x00, 0x00, 0x1E, 0xDA,
    0xFD, 0x6E, 0x00, 0x00, 0x00, 0x00, 0x00, 0x00, 0x00, 0x00, 0x00, 0x00, 0x00, 0x00, 0x24, 0xE1,
    0xF5, 0x4F, 0x00, 0x00, 0x00, 0x00, 0x00, 0x00, 0x00, 0x00, 0x00, 0x00, 0x00, 0x00, 0x26, 0xE5,
    0xF2, 0x3E, 0x00, 0x00, 0x00, 0x00, 0x00, 0x00, 0x00, 0x00, 0x00, 0x00, 0x00, 0x00, 0x25, 0xE6,
    0xEF, 0x37, 0x00, 0x00, 0x00, 0x00, 0x00, 0x00, 0x00, 0x00, 0x00, 0x00, 0x00, 0x00, 0x1D, 0xE1,
    0xF1, 0x34, 0x00, 0x00, 0x00, 0x00, 0x00, 0x00, 0x00, 0x00, 0x00, 0x00, 0x00, 0x00, 0x0A, 0xD0,
    0xFB, 0x42, 0x00, 0x00, 0x00, 0x00, 0x00, 0x00, 0x00, 0x00, 0x00, 0x00, 0x00, 0x00, 0x00, 0x92,
    0xFF, 0x74, 0x00, 0x00, 0x00, 0x00, 0x00, 0x00, 0x00, 0x00, 0x00, 0x00, 0x06, 0x00, 0x00, 0x1A,
    0xFC, 0xD2, 0x02, 0x00, 0x00, 0x00, 0x00, 0x00, 0x00, 0x00, 0x00, 0x00, 0x00, 0x9E, 0xB0, 0x31,
    0x5E, 0xFF, 0x73, 0x00, 0x00, 0x00, 0x00, 0x00, 0x00, 0x00, 0x00, 0x00, 0x00, 0x00, 0xBF, 0xFF,
    0x3B, 0x5B, 0xFF, 0xA6, 0x03, 0x00, 0x00, 0x00, 0x00, 0x00, 0x00, 0x00, 0x00, 0x00, 0x1F, 0xF8,
    0xED, 0x08, 0x0E, 0xD7, 0xFF, 0xE4, 0xB5, 0xB4, 0xB4, 0xB4, 0xB4, 0xB4, 0xB4, 0xB4, 0xB4, 0xEA,
    0xFF, 0x76, 0x00, 0x00, 0x0A, 0x6B, 0xA8, 0xB4, 0xB4, 0xB4, 0xB4, 0xB4, 0xB4, 0xB4, 0xB4, 0xB4,
    0xAC, 0x64, 0x00, 0x00, 0x00, 0x00, 0x00, 0x00, 0x00, 0x00, 0x44, 0x33, 0x05, 0x00, 0x00, 0x00,
    0x00, 0x00, 0x00, 0x00, 0x00, 0x00, 0x00, 0x00, 0x00, 0x00, 0x00, 0x00, 0x00, 0xEA, 0xFE, 0x09,
    0x00, 0x00, 0x00, 0x00, 0x00, 0x00, 0x00, 0x00, 0x00, 0x00, 0x00, 0x00, 0x00, 0x00, 0x00, 0x00,
    0xE5, 0xEC, 0x00, 0x00, 0x00, 0x00, 0x00, 0x00, 0x00, 0x00, 0x00, 0x00, 0x00, 0x00, 0x00, 0x00,
    0x00, 0x00, 0x00, 0xE7, 0xDA, 0x00, 0x00, 0x00, 0x00, 0x00, 0x00, 0x00, 0x00, 0x00, 0x00, 0x00,
    0x00, 0x00, 0x00, 0x00, 0x00, 0x00, 0xEF, 0xCB, 0x00, 0x00, 0x00, 0x00, 0x00, 0x00, 0x00, 0x00,
    0x00, 0x00, 0x00, 0x00, 0x33, 0x46, 0x52, 0x60, 0x72, 0xFA, 0xE5, 0x9A, 0xA8, 0xB5, 0xC3, 0xD1,
    0x6E, 0x00, 0x00, 0x00, 0x00, 0x00, 0x00, 0xB4, 0xFF, 0xFF, 0xFF, 0xF4, 0xFF, 0xF1, 0xCC, 0xBD,
    0xAE, 0xBB, 0xFF, 0x72, 0x00, 0x00, 0x00, 0x00, 0x00, 0x00, 0x2B, 0x30, 0x18, 0x05, 0x24, 0xFF,
    0x8D, 0x00, 0x00, 0x00, 0x51, 0xFF, 0x63, 0x00, 0x00, 0x00, 0x00, 0x00, 0x00, 0x00, 0x00, 0x00,
    0x00, 0x4E, 0xFF, 0x60, 0x00, 0x00, 0x00, 0x60, 0xFF, 0x53, 0x00, 0x00, 0x00, 0x00, 0x00, 0x00,
    0x00, 0x00, 0x00, 0x00, 0x81, 0xFF, 0x33, 0x00, 0x00, 0x00, 0x6E, 0xFF, 0x44, 0x00, 0x00, 0x00,
    0x00, 0x00, 0x00, 0x00, 0x00, 0x00, 0x00, 0xC4, 0xF6, 0x08, 0x00, 0x00, 0x00, 0x7D, 0xFF, 0x34,
    0x00, 0x00, 0x00, 0x00, 0x00, 0x00, 0x00, 0x00, 0x00, 0x1B, 0xFC, 0xA8, 0x00, 0x00, 0x00, 0x00,
    0x8B, 0xFF, 0x25, 0x00, 0x00, 0x00, 0x00, 0x00, 0x00, 0x00, 0x00, 0x00, 0x7E, 0xFF, 0x4D, 0x00,
    0x00, 0x00, 0x00, 0x9A, 0xFF, 0x16, 0x00, 0x00, 0x00, 0x00, 0x00, 0x00, 0x00, 0x00, 0x14, 0xF0,
    0xE8, 0x05, 0x00, 0x00, 0x00, 0x00, 0xA9, 0xFF, 0x06, 0x00, 0x00, 0x15, 0x00, 0x00, 0x00, 0x00,
    0x00, 0xA6, 0xFF, 0x6C, 0x00, 0x00, 0x00, 0x00, 0x00, 0xB7, 0xF7, 0x00, 0x00, 0x00, 0xCB, 0xC1,
    0x0E, 0x00, 0x00, 0x6C, 0xFF, 0xCB, 0x04, 0x00, 0x00, 0x00, 0x00, 0x00, 0xC6, 0xE9, 0x00, 0x00,
    0x00, 0xE9, 0xF3, 0x01, 0x00, 0x61, 0xFD, 0xEF, 0x26, 0x00, 0x00, 0x00, 0x00, 0x00, 0x00, 0xC7,
    0xF9, 0x40, 0x28, 0x55, 0xFF, 0xBF, 0x00, 0x65, 0xFF, 0xF7, 0x40, 0x00, 0x00, 0x00, 0x00, 0x00,
    0x00, 0x00, 0x87, 0xFF, 0xFF, 0xFF, 0xFF, 0xFF, 0x65, 0x00, 0x03, 0x9C, 0x42, 0x00, 0x00, 0x00,
    0x00, 0x00, 0x00, 0x00, 0x00, 0x02, 0x4F, 0x68, 0x68, 0x65, 0x3D, 0x00, 0x00, 0x00, 0x00, 0x06,
    0x00, 0x00, 0x00, 0x00, 0x00, 0x00, 0x00, 0x00, 0x00, 0x00, 0x03, 0x0F, 0x13, 0x00, 0x00, 0x00,
    0x00, 0xE0, 0xFE, 0xF9, 0xF8, 0xF8, 0xF8, 0xF8, 0xF8, 0xF8, 0xF8, 0xF8, 0xFF, 0xFF, 0xB8, 0x00,
    0x00, 0x00, 0x00, 0xB6, 0xC7, 0xC3, 0xC0, 0xC0, 0xC0, 0xC0, 0xC0, 0xC0, 0xC0, 0xC0, 0xC6, 0xCC,
    0x96, 0x00, 0x00, 0x00, 0x00, 0x00, 0x00, 0x00, 0x00, 0x00, 0x00, 0x00, 0x00, 0x00, 0x00, 0x00,
    0x00, 0x00, 0x00, 0x00, 0x00, 0x00, 0x00, 0x00, 0x00, 0x00, 0x00, 0x00, 0x00, 0x00, 0x00, 0x00,
    0x00, 0x00, 0x00, 0x00, 0x00, 0x00, 0x00, 0x00, 0x00, 0x00, 0x00, 0x00, 0x00, 0x00, 0x00, 0x00,
    0x00, 0x00, 0x00, 0x00, 0x00, 0x00, 0x00, 0x00, 0x00, 0x00, 0x00, 0x00, 0x00, 0x00, 0x00, 0x00,
    0x00, 0x00, 0x00, 0x00, 0x00, 0x00, 0x00, 0x00, 0x00, 0x00, 0x00, 0x00, 0x00, 0x00, 0x00, 0x00,
    0x00, 0x00, 0x00, 0x00, 0x00, 0x00, 0x00, 0x00, 0x00, 0x00, 0x00, 0x00, 0x00, 0x00, 0x00, 0x00,
    0x00, 0x00, 0x00, 0x00, 0x00, 0x00, 0x00, 0x00, 0x00, 0x00, 0x00, 0x00, 0x00, 0x00, 0x00, 0x00,
    0x00, 0x00, 0x00, 0x00, 0x00, 0x00, 0x00, 0x00, 0x00, 0x00, 0x00, 0x00, 0x00, 0x00, 0x00, 0x00,
    0x00, 0x00, 0x00, 0x00, 0x00, 0x00, 0x00, 0x00, 0x00, 0x00, 0x00, 0x00, 0x00, 0x00, 0x00, 0x00,
    0x00, 0x00, 0x00, 0x03, 0x00, 0x00, 0x00, 0x00, 0x00, 0x00, 0x00, 0x00, 0x00, 0x00, 0x00, 0x00,
    0x00, 0x00, 0x00, 0x01, 0x0F, 0xE7, 0xFA, 0xF6, 0xF4, 0xF4, 0xF4, 0xF4, 0xF4, 0xF4, 0xF4, 0xF4,
    0xF4, 0xF4, 0xF4, 0xF4, 0xF8, 0xFE, 0xD4, 0xBF, 0xCA, 0xC7, 0xC4, 0xC4, 0xC4, 0xC4, 0xC4, 0xC4,
    0xC4, 0xC4, 0xC4, 0xC4, 0xC4, 0xC4, 0xC6, 0xCA, 0xAF, 0x00, 0x38, 0x66, 0x61, 0x60, 0x60, 0x60,
    0x60, 0x60, 0x60, 0x60, 0x60, 0x60, 0x60, 0x60, 0x68, 0x49, 0x00, 0x00, 0x79, 0xEC, 0xE3, 0xE0,
    0xE0, 0xE0, 0xF4, 0xFA, 0xE0, 0xE0, 0xE0, 0xE0, 0xE0, 0xE0, 0xE9, 0x9E, 0x00, 0x00, 0x00, 0x00,
    0x00, 0x00, 0x00, 0x00, 0xB6, 0xC5, 0x00, 0x00, 0x00, 0x00, 0x00, 0x00, 0x00, 0x00, 0x00, 0x00,
    0x00, 0x00, 0x00, 0x00, 0x00, 0x00, 0xD3, 0xA8, 0x00, 0x00, 0x00, 0x00, 0x00, 0x00, 0x00, 0x00,
    0x00, 0x00, 0x00, 0x00, 0x00, 0x00, 0x00, 0x00, 0xF0, 0x8B, 0x00, 0x00, 0x00, 0x00, 0x00, 0x00,
    0x00, 0x00, 0x00, 0x00, 0x00, 0x05, 0x02, 0x00, 0x00, 0x0D, 0xFF, 0x6E, 0x00, 0x00, 0x00, 0x00,
    0x00, 0x00, 0x00, 0x00, 0x00, 0x00, 0x00, 0x7C, 0xFF, 0xFD, 0xFC, 0xFC, 0xFF, 0xFD, 0xFC, 0xFC,
    0xFC, 0xFC, 0xFC, 0x67, 0x00, 0x00, 0x00, 0x00, 0x00, 0x28, 0x4A, 0x45, 0x44, 0x8E, 0xFF, 0x63,
    0x44, 0x44, 0x44, 0x66, 0xFF, 0x56, 0x00, 0x00, 0x00, 0x00, 0x00, 0x00, 0x00, 0x00, 0x00, 0x84,
    0xFF, 0x0C, 0x00, 0x00, 0x00, 0x37, 0xFF, 0x4E, 0x00, 0x00, 0x00, 0x00, 0x00, 0x00, 0x00, 0x00,
    0x00, 0xA7, 0xE8, 0x00, 0x00, 0x00, 0x00, 0x40, 0xFF, 0x47, 0x00, 0x00, 0x00, 0x00, 0x00, 0x00,
    0x00, 0x00, 0x00, 0xCA, 0xC5, 0x00, 0x00, 0x00, 0x00, 0x49, 0xFF, 0x40, 0x00, 0x00, 0x00, 0x00,
    0x00, 0x00, 0x00, 0x00, 0x00, 0xEE, 0xA2, 0x00, 0x00, 0x00, 0x00, 0x51, 0xFF, 0x39, 0x00, 0x00,
    0x00, 0x00, 0x00, 0x00, 0x00, 0x00, 0x11, 0xFF, 0x7E, 0x00, 0x00, 0x00, 0x00, 0x5A, 0xFF, 0x32,
    0x00, 0x00, 0x00, 0x00, 0x00, 0x00, 0x00, 0x00, 0x34, 0xFF, 0x5B, 0x00, 0x00, 0x00, 0x00, 0x63,
    0xFF, 0x2B, 0x00, 0x00, 0x00, 0xAB, 0xF6, 0xF1, 0xF0, 0xF0, 0xF4, 0xFF, 0xF4, 0xF0, 0xF0, 0xF0,
    0xF0, 0xF6, 0xFF, 0xF2, 0xF1, 0xF6, 0xBE, 0x73, 0x9A, 0x91, 0x8C, 0x8C, 0x8C, 0x8C, 0x8C, 0x8C,
    0x8C, 0x8C, 0x8C, 0x8C, 0x8C, 0x8C, 0x8E, 0x92, 0x74, 0x00, 0x00, 0x00, 0x00, 0x00, 0x00, 0x00,
    0x00, 0x29, 0x1C, 0x00, 0x00, 0x00, 0x00, 0x00, 0x00, 0x00, 0x00, 0x00, 0x00, 0x00, 0x00, 0x00,
    0x00, 0x00, 0x71, 0xFF, 0x7F, 0x00, 0x00, 0x00, 0x00, 0x00, 0x00, 0x00, 0x00, 0x00, 0x00, 0x00,
    0x00, 0x00, 0x00, 0x00, 0x1A, 0xFE, 0xC9, 0x00, 0x00, 0x00, 0x00, 0x00, 0x00, 0x00, 0x00, 0x7F,
    0x7C, 0x77, 0x72, 0x70, 0x70, 0x70, 0x70, 0xEC, 0xFD, 0x73, 0x70, 0x70, 0x70, 0x70, 0x72, 0x77,
    0x4B, 0xFC, 0xFF, 0xFF, 0xFB, 0xF8, 0xF8, 0xFE, 0xF9, 0xF8, 0xF8, 0xF8, 0xF8, 0xF8, 0xF8, 0xF8,
    0xFB, 0xFE, 0x98, 0x09, 0x05, 0x00, 0x00, 0x00, 0x34, 0xFA, 0xC4, 0x03, 0x00, 0x00, 0x00, 0x00,
    0x00, 0x00, 0x00, 0x00, 0x05, 0x00, 0x00, 0x00, 0x00, 0x19, 0xDD, 0xE4, 0x2B, 0x00, 0x00, 0x00,
    0x6B, 0x34, 0x00, 0x00, 0x00, 0x00, 0x00, 0x00, 0x00, 0x00, 0x24, 0xD7, 0xDC, 0x20, 0x00, 0x00,
    0x00, 0x39, 0xFA, 0xE6, 0x11, 0x00, 0x00, 0x00, 0x00, 0x00, 0x00, 0x7F, 0xF2, 0xFF, 0xA2, 0x92,
    0x9A, 0xA1, 0xA8, 0xEC, 0xF0, 0x2F, 0x00, 0x00, 0x00, 0x00, 0x00, 0x00, 0x00, 0xAB, 0xFF, 0xF3,
    0xD9, 0xC2, 0xAF, 0xB9, 0xFF, 0xF1, 0x3A, 0x02, 0xB8, 0x75, 0x04, 0x00, 0x00, 0x00, 0x00, 0x1C,
    0x19, 0x00, 0x00, 0x00, 0x3F, 0xE8, 0xE8, 0x31, 0x00, 0x72, 0xFF, 0xC1, 0x0F, 0x00, 0x00, 0x00,
    0x00, 0x00, 0x00, 0x00, 0x1D, 0xA2, 0xFE, 0xBF, 0x19, 0x00, 0x46, 0xFB, 0xC7, 0x0C, 0x00, 0x00,
    0x00, 0x00, 0x00, 0x0E, 0x51, 0xB0, 0xFC, 0xF4, 0x74, 0x03, 0x00, 0x39, 0xF1, 0xD8, 0x13, 0x00,
    0x00, 0x00, 0x00, 0x00, 0x3F, 0xFB, 0xFF, 0xF2, 0x8E, 0x17, 0x00, 0x00, 0x52, 0xF6, 0xE7, 0x1D,
    0x00, 0x00, 0x00, 0x00, 0x00, 0x00, 0x00, 0x90, 0x6A, 0x0F, 0x00, 0x00, 0x13, 0xA0, 0xFF, 0xFB,
    0xFD, 0x8A, 0x07, 0x00, 0x00, 0x00, 0x00, 0x00, 0x00, 0x00, 0x00, 0x00, 0x15, 0x82, 0xF2, 0xFB,
    0x86, 0x14, 0x9C, 0xFF, 0xD2, 0x2F, 0x00, 0x00, 0x00, 0x00, 0x00, 0x05, 0x49, 0xA3, 0xF8, 0xFF,
    0xAF, 0x2A, 0x00, 0x00, 0x00, 0x52, 0xED, 0xF9, 0x76, 0x02, 0x00, 0x26, 0xB1, 0xF0, 0xFF, 0xF8,
    0xA2, 0x32, 0x00, 0x00, 0x00, 0x00, 0x00, 0x00, 0x25, 0xDC, 0xFF, 0xAE, 0x00, 0x02, 0xCA, 0xC5,
    0x6E, 0x15, 0x00, 0x00, 0x00, 0x00, 0x00, 0x00, 0x00, 0x00, 0x00, 0x16, 0xB3, 0x27, 0x00, 0x00,
    0x05, 0x00, 0x00, 0x00, 0x00, 0x00, 0x00, 0x00, 0x00, 0x00, 0x00, 0x00, 0x00, 0x00, 0x00, 0x00,
    0x00, 0x00, 0x00, 0x00, 0x00, 0x00, 0x00, 0x2A, 0x01, 0x00, 0x00, 0x00, 0x00, 0x00, 0x00, 0x00,
    0x00, 0x00, 0x00, 0x00, 0x00, 0x00, 0x00, 0x00, 0x00, 0x00, 0x2E, 0xFC, 0xD5, 0x14, 0x00, 0x00,
    0x00, 0x00, 0x00, 0x00, 0x00, 0x00, 0x00, 0x00, 0x00, 0x00, 0x00, 0x00, 0x00, 0x02, 0xC3, 0xFF,
    0x79, 0x24, 0x24, 0x24, 0x24, 0x24, 0x24, 0x19, 0x00, 0x00, 0x00, 0x00, 0x00, 0x00, 0x00, 0x00,
    0x00, 0x7E, 0xFF, 0xFF, 0xFF, 0xFF, 0xFF, 0xFF, 0xFF, 0xFF, 0xFF, 0x56, 0x00, 0x00, 0x00, 0x00,
    0x00, 0x00, 0x00, 0x00, 0x48, 0xFC, 0xD8, 0x34, 0x30, 0x30, 0x30, 0x30, 0x5A, 0xFF, 0xB0, 0x00,
    0x00, 0x00, 0x00, 0x00, 0x00, 0x00, 0x00, 0x38, 0xF4, 0xE9, 0x25, 0x00, 0x00, 0x00, 0x00, 0x00,
    0xBD, 0xF1, 0x1B, 0x00, 0x00, 0x00, 0x00, 0x00, 0x00, 0x00, 0x42, 0xF1, 0xFF, 0xC6, 0xA0, 0xA0,
    0xA0, 0xA0, 0xA0, 0xB0, 0xFF, 0xDB, 0xA0, 0xA0, 0xA0, 0x95, 0x00, 0x00, 0x00, 0x11, 0xE4, 0xF5,
    0xAB, 0xFF, 0xBF, 0xB4, 0xB4, 0xB4, 0xE4, 0xFF, 0xB9, 0xB4, 0xB4, 0xB4, 0xE2, 0xE5, 0x00, 0x00,
    0x00, 0x00, 0x1F, 0x38, 0x69, 0xFF, 0x28, 0x00, 0x00, 0x00, 0xB4, 0xF6, 0x01, 0x00, 0x00, 0x00,
    0x9C, 0xE1, 0x00, 0x00, 0x00, 0x00, 0x00, 0x00, 0x6A, 0xFF, 0x28, 0x00, 0x00, 0x00, 0xCC, 0xD0,
    0x00, 0x00, 0x00, 0x00, 0x9C, 0xE1, 0x00, 0x00, 0x00, 0x00, 0x00, 0x00, 0x6D, 0xFF, 0xD4, 0xCC,
    0xCC, 0xCC, 0xF8, 0xF1, 0xCC, 0xCC, 0xCC, 0xCC, 0xEB, 0xE6, 0x00, 0x00, 0x00, 0x00, 0x00, 0x00,
    0x72, 0xFF, 0xAB, 0x9C, 0x9C, 0xC0, 0xFF, 0xF7, 0xFF, 0x9F, 0x9C, 0x9C, 0x9C, 0x92, 0x00, 0x00,
    0x00, 0x00, 0x00, 0x00, 0x42, 0x8C, 0x15, 0x00, 0x01, 0xC7, 0xF9, 0xA1, 0xFF, 0x08, 0x0C, 0x2B,
    0x00, 0x00, 0x00, 0x00, 0x00, 0x00, 0x00, 0x00, 0x00, 0x00, 0x00, 0x00, 0x67, 0xFF, 0x89, 0x88,
    0xFF, 0x08, 0x9B, 0xF3, 0x47, 0x00, 0x00, 0x00, 0x00, 0x00, 0x00, 0x00, 0x00, 0x00, 0x00, 0x50,
    0xFA, 0xD0, 0x08, 0x88, 0xFF, 0x08, 0x0F, 0xC2, 0xF7, 0x3E, 0x00, 0x00, 0x00, 0x00, 0x00, 0x00,
    0x00, 0x00, 0x63, 0xFA, 0xDF, 0x1D, 0x00, 0x88, 0xFF, 0x0F, 0x00, 0x0F, 0xBB, 0x3D, 0x4D, 0x3B,
    0x00, 0x00, 0x00, 0x00, 0x2B, 0xBF, 0xFF, 0xCB, 0x1A, 0x00, 0x00, 0x88, 0xFF, 0x58, 0x04, 0x00,
    0x00, 0x12, 0xCF, 0xFF, 0x25, 0x00, 0x5E, 0xC6, 0xFF, 0xFA, 0x86, 0x06, 0x00, 0x00, 0x00, 0x5B,
    0xFF, 0xFF, 0xFF, 0xFF, 0xFF, 0xFF, 0xFF, 0xB1, 0x00, 0x00, 0x44, 0xF6, 0xA6, 0x25, 0x00, 0x00,
    0x00, 0x00, 0x00, 0x00, 0x4C, 0x78, 0x7C, 0x7C, 0x7C, 0x78, 0x57, 0x08, 0x00, 0x00, 0x00, 0x0D,
    0x00, 0x00, 0x00, 0x00, 0x00, 0x00, 0x00, 0x00, 0x00, 0x00, 0x00, 0x00, 0x00, 0x00, 0x00, 0x00,
    0x00, 0x00, 0x00, 0x00, 0x00, 0x00, 0x00, 0x00, 0x00, 0x00, 0x00, 0x00, 0x38, 0x8C, 0x33, 0x00,
    0x00, 0x00, 0x00, 0x00, 0x00, 0x00, 0x00, 0x00, 0x00, 0x00, 0x52, 0x49, 0x07, 0x00, 0x00, 0x4E,
    0xFF, 0x65, 0x00, 0x00, 0x00, 0x00, 0x00, 0x00, 0x00, 0x00, 0x00, 0x00, 0x00, 0xA8, 0xFF, 0x22,
    0x00, 0x00, 0x2C, 0xFF, 0x71, 0x00, 0x00, 0x00, 0x00, 0x00, 0x00, 0x00, 0x00, 0x00, 0x00, 0x00,
    0xB7, 0xED, 0x00, 0x00, 0x00, 0x09, 0xFE, 0x8A, 0x00, 0x00, 0x00, 0x00, 0x00, 0x00, 0x00, 0x00,
    0x00, 0x00, 0x00, 0xD5, 0xBD, 0x00, 0x00, 0x00, 0x00, 0xE2, 0xA7, 0x00, 0x00, 0x00, 0x00, 0x00,
    0x00, 0x00, 0x00, 0x00, 0x00, 0x01, 0xF5, 0x8E, 0x00, 0x00, 0x00, 0x00, 0xB9, 0xD0, 0x00, 0x00,
    0x00, 0x00, 0x00, 0x00, 0x00, 0x00, 0x00, 0x00, 0x27, 0xFF, 0x61, 0x00, 0x00, 0x00, 0x00, 0x8E,
    0xF7, 0x04, 0x00, 0x00, 0x00, 0x00, 0x00, 0x00, 0x00, 0x00, 0x00, 0x5C, 0xFF, 0x2F, 0x00, 0x00,
    0x00, 0x00, 0x5E, 0xFF, 0x32, 0x00, 0x00, 0x00, 0x00, 0x00, 0x00, 0x00, 0x00, 0x00, 0xA1, 0xF1,
    0x02, 0x00, 0x00, 0x00, 0x00, 0x21, 0xFF, 0x6C, 0x00, 0x00, 0x00, 0x00, 0x00, 0x00, 0x00, 0x00,
    0x02, 0xE8, 0xAF, 0x00, 0x00, 0x00, 0x00, 0x00, 0x00, 0xDE, 0xB8, 0x00, 0x00, 0x00, 0x00, 0x00,
    0x00, 0x00, 0x00, 0x48, 0xFF, 0x62, 0x00, 0x00, 0x00, 0x00, 0x00, 0x00, 0x98, 0xFB, 0x12, 0x00,
    0x00, 0x00, 0x00, 0x00, 0x00, 0x00, 0xB1, 0xF8, 0x10, 0x00, 0x00, 0x00, 0x00, 0x00, 0x00, 0x3A,
    0xFF, 0x7B, 0x00, 0x00, 0x00, 0x00, 0x00, 0x00, 0x39, 0xFF, 0x9C, 0x00, 0x00, 0x00, 0x00, 0x00,
    0x00, 0x00, 0x00, 0xD5, 0xEE, 0x0F, 0x00, 0x00, 0x00, 0x00, 0x07, 0xCD, 0xF4, 0x1D, 0x00, 0x00,
    0x00, 0x00, 0x00, 0x00, 0x00, 0x00, 0x59, 0xFF, 0x9F, 0x00, 0x00, 0x00, 0x00, 0x9C, 0xFF, 0x74,
    0x00, 0x00, 0x00, 0x00, 0x00, 0x00, 0x00, 0x00, 0x00, 0x00, 0xC2, 0xFF, 0x5A, 0x00, 0x02, 0x95,
    0xFF, 0xBC, 0x03, 0x00, 0x00, 0x00, 0x00, 0x00, 0x00, 0x00, 0x00, 0x00, 0x00, 0x2B, 0xF7, 0xF9,
    0x4A, 0x07, 0x8A, 0xDE, 0x13, 0x00, 0x00, 0x00, 0x00, 0x00, 0x00, 0x00, 0x00, 0x00, 0x00, 0x00,
    0x00, 0x67, 0xFA, 0x83, 0x00, 0x00, 0x0E, 0x00, 0x00, 0x00, 0x00, 0x00, 0x00, 0x00, 0x00, 0x00,
    0x00, 0x00, 0x00, 0x00, 0x00, 0x29, 0x00, 0x00, 0x00, 0x00, 0x00, 0x00, 0x00, 0x00, 0x00, 0x00,
    0x00, 0x00, 0x19, 0x00, 0x00, 0x00, 0x00, 0x00, 0x00, 0x00, 0x00, 0x00, 0x00, 0x00, 0x00, 0x1A,
    0x55, 0x04, 0x00, 0x00, 0xC0, 0xDE, 0x01, 0x00, 0x00, 0x00, 0x00, 0x00, 0x00, 0x00, 0x00, 0x00,
    0x00, 0x00, 0x79, 0xFF, 0x49, 0x00, 0x00, 0x74, 0xFF, 0x49, 0x00, 0x00, 0x00, 0x00, 0x00, 0x00,
    0x00, 0x00, 0x00, 0x00, 0x07, 0xE6, 0xC8, 0x00, 0x00, 0x00, 0x0F, 0xF2, 0xC0, 0x00, 0x00, 0x00,
    0x00, 0x00, 0x00, 0x00, 0x00, 0x00, 0x00, 0x75, 0xFF, 0x45, 0x00, 0x00, 0x00, 0x00, 0x7E, 0xFF,
    0x42, 0x00, 0x00, 0x00, 0x00, 0x00, 0x00, 0x00, 0x00, 0x1C, 0xF1, 0xB6, 0x00, 0x00, 0x00, 0x00,
    0x00, 0x09, 0xE1, 0xD2, 0x05, 0x00, 0x00, 0x00, 0x00, 0x00, 0x00, 0x01, 0xB7, 0xF7, 0x23, 0x00,
    0x00, 0x00, 0x00, 0x00, 0x00, 0x53, 0xFF, 0x8B, 0x00, 0x00, 0x00, 0x00, 0x00, 0x00, 0x77, 0xFF,
    0x7B, 0x00, 0x00, 0x0D, 0x00, 0x00, 0x00, 0x00, 0x00, 0x9B, 0xFF, 0x65, 0x00, 0x00, 0x00, 0x00,
    0x4D, 0xFD, 0xC1, 0x03, 0x00, 0x00, 0x98, 0xC5, 0x2B, 0x00, 0x00, 0x00, 0x08, 0xD1, 0xFE, 0x6F,
    0x00, 0x00, 0x4B, 0xF7, 0xE9, 0x1B, 0x00, 0x00, 0x08, 0xEF, 0xE3, 0x0C, 0x00, 0x00, 0x00, 0x00,
    0x1A, 0xD8, 0xFF, 0xA5, 0x03, 0xA0, 0xF2, 0x33, 0x00, 0x00, 0x00, 0x6D, 0xFF, 0x58, 0x00, 0x00,
    0x00, 0x00, 0x00, 0x00, 0x17, 0xC6, 0x31, 0x00, 0x02, 0x2C, 0x00, 0x00, 0x00, 0x07, 0xE4, 0xC6,
    0x00, 0x00, 0x00, 0x00, 0x06, 0x00, 0x00, 0x00, 0x00, 0x00, 0x00, 0x00, 0x00, 0x00, 0x00, 0x00,
    0x71, 0xFF, 0x3A, 0x00, 0x00, 0x00, 0x64, 0xDA, 0x0D, 0x00, 0x00, 0x00, 0x00, 0x00, 0x00, 0x00,
    0x00, 0x00, 0x14, 0xEE, 0xAC, 0x00, 0x00, 0x00, 0x00, 0x4A, 0xFE, 0x94, 0x00, 0x00, 0x00, 0x00,
    0x00, 0x00, 0x00, 0x00, 0x00, 0xA1, 0xF8, 0x21, 0x00, 0x00, 0x00, 0x00, 0x00, 0x97, 0xFD, 0x3A,
    0x00, 0x00, 0x00, 0x00, 0x00, 0x00, 0x00, 0x68, 0xFF, 0x7B, 0x11, 0x29, 0x41, 0x5B, 0x76, 0x91,
    0xB9, 0xFF, 0xD4, 0x04, 0x00, 0x00, 0x00, 0x00, 0x00, 0x7D, 0xFF, 0xFF, 0xFB, 0xFF, 0xFF, 0xFF,
    0xFF, 0xF1, 0xCE, 0xAC, 0xB5, 0xFF, 0x72, 0x00, 0x00, 0x00, 0x00, 0x00, 0x42, 0xFF, 0xD7, 0xA7,
    0x7F, 0x5A, 0x37, 0x14, 0x00, 0x00, 0x00, 0x09, 0xE1, 0xF0, 0x13, 0x00, 0x00, 0x00, 0x00, 0x00,
    0x1A, 0x00, 0x00, 0x00, 0x00, 0x00, 0x00, 0x00, 0x00, 0x00, 0x00, 0x54, 0x62, 0x01, 0x00, 0x00,
    0x00, 0x00, 0x00, 0x00, 0x00, 0x00, 0x01, 0x6D, 0x55, 0x00, 0x00, 0x00, 0x00, 0x00, 0x00, 0x00,
    0x00, 0x00, 0x00, 0x00, 0x00, 0x00, 0x00, 0x00, 0x1D, 0xF2, 0xF2, 0x25, 0x00, 0x00, 0x00, 0x00,
    0x00, 0x00, 0x00, 0x00, 0x00, 0x00, 0x00, 0x00, 0x00, 0x00, 0x00, 0x57, 0xFF, 0xCB, 0x03, 0x00,
    0x00, 0x00, 0x00, 0x00, 0x00, 0x00, 0x00, 0x00, 0x00, 0x00, 0x00, 0x00, 0x00, 0x00, 0xB3, 0xFF,
    0x72, 0x00, 0x00, 0x00, 0x00, 0x00, 0x00, 0x00, 0x00, 0x00, 0x00, 0x00, 0x00, 0x00, 0x00, 0x00,
    0x24, 0x94, 0x14, 0x00, 0x00, 0x00, 0x00, 0x00, 0x00, 0x00, 0x6F, 0xCF, 0xC2, 0xB6, 0xB4, 0xB4,
    0xB4, 0xB4, 0xB4, 0xB4, 0xB4, 0xB4, 0xB4, 0xB4, 0xB4, 0xB7, 0xC0, 0x8E, 0x7A, 0xEA, 0xE4, 0xDD,
    0xDC, 0xDC, 0xDC, 0xDC, 0xDC, 0xDC, 0xDC, 0xDC, 0xDC, 0xDC, 0xDC, 0xDD, 0xE2, 0x9E, 0x00, 0x00,
    0x00, 0x00, 0x00, 0x00, 0x00, 0x00, 0x00, 0x00, 0x00, 0x00, 0x00, 0x00, 0x00, 0x00, 0x00, 0x00,
    0x00, 0x00, 0x00, 0x00, 0x00, 0x0D, 0x04, 0x00, 0x00, 0x00, 0x00, 0x06, 0x18, 0x00, 0x00, 0x00,
    0x00, 0x00, 0x00, 0x00, 0x00, 0x00, 0x00, 0x80, 0xD3, 0x3C, 0x00, 0x00, 0x19, 0xCA, 0xC8, 0x04,
    0x00, 0x00, 0x00, 0x00, 0x00, 0x00, 0x00, 0x00, 0x14, 0xEF, 0xFF, 0x55, 0x00, 0x00, 0x08, 0xCD,
    0xFF, 0x82, 0x00, 0x00, 0x00, 0x00, 0x00, 0x00, 0x00, 0x00, 0xA1, 0xFF, 0xA2, 0x00, 0x00, 0x00,
    0x00, 0x20, 0xED, 0xFD, 0x42, 0x00, 0x00, 0x00, 0x00, 0x00, 0x00, 0x53, 0xFF, 0xE0, 0x0E, 0x00,
    0x00, 0x00, 0x00, 0x00, 0x4F, 0xFF, 0xE7, 0x16, 0x00, 0x00, 0x00, 0x00, 0x26, 0xF1, 0xFD, 0x3E,
    0x00, 0x00, 0x00, 0x00, 0x00, 0x00, 0x00, 0x94, 0xFF, 0xB2, 0x00, 0x00, 0x00, 0x14, 0xD6, 0xFF,
    0x86, 0x00, 0x00, 0x00, 0x00, 0x00, 0x00, 0x00, 0x00, 0x0A, 0xDC, 0xFF, 0x5D, 0x00, 0x11, 0xCF,
    0xFF, 0xC3, 0x04, 0x00, 0x00, 0x00, 0x00, 0x00, 0x00, 0x00, 0x00, 0x00, 0x42, 0xFF, 0xEC, 0x14,
    0x3D, 0xEC, 0xE0, 0x18, 0x00, 0x00, 0x00, 0x00, 0x00, 0x00, 0x00, 0x00, 0x00, 0x00, 0x00, 0x9F,
    0x66, 0x01, 0x00, 0x1F, 0x23, 0x00, 0x00, 0x00, 0x00, 0x00, 0x00, 0x00, 0x00, 0x00, 0x00, 0x00,
    0x00, 0x00, 0x00, 0x00, 0x00, 0x00, 0x00, 0x00, 0x00, 0x00, 0x00, 0x00, 0x00, 0x04, 0x00, 0x00,
    0x00, 0x00, 0x00, 0x00, 0x00, 0x00, 0x00, 0x00, 0x00, 0x00, 0x00, 0x00, 0x00, 0x00, 0x00, 0x00,
    0x5A, 0xE6, 0x65, 0x00, 0x00, 0x00, 0x00, 0x00, 0x00, 0x00, 0x00, 0x00, 0x00, 0x00, 0x00, 0x00,
    0x00, 0x00, 0x00, 0x70, 0xFF, 0x47, 0x00, 0x00, 0x00, 0x00, 0x00, 0x00, 0x00, 0x00, 0x00, 0x00,
    0x00, 0x00, 0x00, 0x00, 0x00, 0x00, 0x9C, 0xFE, 0x0F, 0x00, 0x00, 0x00, 0x00, 0x00, 0x00, 0x00,
    0x00, 0x00, 0x3C, 0xF8, 0xF8, 0xF8, 0xF8, 0xF8, 0xF8, 0xFD, 0xFF, 0xF8, 0xF8, 0xF8, 0xF8, 0xF8,
    0xF8, 0x8A, 0x00, 0x00, 0x00, 0x33, 0xFF, 0x99, 0x5C, 0x5C, 0x5C, 0x85, 0xFF, 0xA0, 0x5C, 0x5C,
    0x5C, 0x5C, 0x5C, 0xFD, 0x83, 0x00, 0x00, 0x00, 0x3A, 0xFF, 0x60, 0x00, 0x00, 0x00, 0xAD, 0xFF,
    0x2D, 0x00, 0x00, 0x00, 0x00, 0x00, 0xFC, 0x88, 0x00, 0x00, 0x00, 0x19, 0x64, 0x25, 0x00, 0x00,
    0x4E, 0xFF, 0xFF, 0x7A, 0x00, 0x00, 0x00, 0x00, 0x00, 0x4E, 0x2D, 0x00, 0x00, 0x00, 0x00, 0x00,
    0x00, 0x00, 0x23, 0xEE, 0xD6, 0xBC, 0xE1, 0x02, 0x00, 0x00, 0x01, 0x5F, 0x00, 0x00, 0x00, 0x00,
    0x00, 0x00, 0x00, 0x00, 0x1B, 0xDD, 0xF3, 0x29, 0x3E, 0xFF, 0x5E, 0x00, 0x00, 0x81, 0xFF, 0x6D,
    0x00, 0x00, 0x00, 0x00, 0x00, 0x00, 0x24, 0xDC, 0xFF, 0x66, 0x00, 0x00, 0xC7, 0xE5, 0x0C, 0x79,
    0xFF, 0xB3, 0x0B, 0x00, 0x00, 0x00, 0x00, 0x00, 0x46, 0xEB, 0xFF, 0xFF, 0x44, 0x00, 0x00, 0x41,
    0xFE, 0xD4, 0xFF, 0x99, 0x03, 0x00, 0x00, 0x00, 0x00, 0x18, 0x99, 0xFE, 0xE7, 0x8A, 0xFF, 0x44,
    0x00, 0x00, 0x00, 0x95, 0xFF, 0xA3, 0x00, 0x00, 0x00, 0x00, 0x00, 0x07, 0xC3, 0xFF, 0xB0, 0x18,
    0x4C, 0xFF, 0x44, 0x00, 0x00, 0x00, 0x0B, 0xDC, 0xF1, 0x32, 0x00, 0x00, 0x00, 0x00, 0x00, 0x17,
    0x4A, 0x00, 0x00, 0x4C, 0xFF, 0x44, 0x00, 0x21, 0x26, 0x00, 0x2A, 0xEE, 0xF3, 0x52, 0x00, 0x00,
    0x00, 0x00, 0x00, 0x00, 0x00, 0x00, 0x4C, 0xFF, 0x44, 0x4F, 0xED, 0x9E, 0x00, 0x00, 0x31, 0xE8,
    0xFF, 0xAD, 0x25, 0x00, 0x00, 0x00, 0x00, 0x00, 0x00, 0x54, 0xFF, 0xD5, 0xFF, 0xDE, 0x48, 0x00,
    0x00, 0x00, 0x1E, 0xC7, 0xFF, 0xFD, 0x6A, 0x00, 0x00, 0x00, 0x00, 0x00, 0xB0, 0xFF, 0xFA, 0x88,
    0x0A, 0x00, 0x00, 0x00, 0x00, 0x00, 0x04, 0x75, 0xB6, 0x02, 0x00, 0x00, 0x00, 0x00, 0x00, 0x5C,
    0xBE, 0x2A, 0x00, 0x00, 0x00, 0x00, 0x00, 0x00, 0x00, 0x00, 0x00, 0x00, 0x00, 0x00, 0x00, 0x00,
    0x00, 0x00, 0x1C, 0x28, 0x00, 0x00, 0x00, 0x00, 0x00, 0x00, 0x00, 0x00, 0x00, 0x00, 0x00, 0x00,
    0x00, 0x00, 0x00, 0x00, 0x00, 0x95, 0xFE, 0x46, 0x00, 0x00, 0x00, 0x00, 0x00, 0x00, 0x00, 0x00,
    0x00, 0x00, 0x00, 0x00, 0x00, 0x00, 0x00, 0x25, 0xF7, 0xD0, 0x38, 0x38, 0x38, 0x38, 0x38, 0x38,
    0x38, 0x38, 0x17, 0x00, 0x00, 0x00, 0x00, 0x00, 0x00, 0x02, 0xC3, 0xFF, 0xFF, 0xFF, 0xFF, 0xFF,
    0xFF, 0xFF, 0xFF, 0xFF, 0xEC, 0x16, 0x00, 0x00, 0x00, 0x00, 0x00, 0x00, 0x89, 0xFF, 0xFD, 0x55,
    0x08, 0x08, 0x08, 0x08, 0x09, 0xAC, 0xFE, 0x4F, 0x00, 0x00, 0x00, 0x00, 0x00, 0x00, 0x63, 0xFF,
    0xAD, 0xAB, 0xF5, 0x37, 0x00, 0x00, 0x00, 0x86, 0xFF, 0x81, 0x00, 0x00, 0x00, 0x00, 0x00, 0x00,
    0x6C, 0xFE, 0xC6, 0x09, 0x0A, 0xCB, 0xEF, 0x3C, 0x00, 0x85, 0xFF, 0x9A, 0x00, 0x00, 0x00, 0x00,
    0x00, 0x00, 0x03, 0x9E, 0xD3, 0x11, 0x00, 0x00, 0x13, 0xD2, 0xF6, 0xB5, 0xFF, 0x95, 0x02, 0x00,
    0x00, 0x00, 0x00, 0x00, 0x00, 0x00, 0x00, 0x0F, 0x00, 0x00, 0x00, 0x04, 0x73, 0xFF, 0xFF, 0xD2,
    0x16, 0x00, 0x00, 0x00, 0x00, 0x00, 0x00, 0x00, 0x00, 0x00, 0x00, 0x00, 0x24, 0x80, 0xE0, 0xFF,
    0xBA, 0x86, 0xF5, 0xF8, 0xA5, 0x4E, 0x09, 0x00, 0x00, 0x00, 0x00, 0x21, 0x56, 0x90, 0xD8, 0xFF,
    0xFC, 0xAC, 0x3B, 0x00, 0x00, 0x1B, 0x8D, 0xF1, 0xFF, 0xFA, 0xC7, 0x94, 0x6E, 0x09, 0xB4, 0xFF,
    0xFF, 0xCF, 0x74, 0x1A, 0x55, 0x97, 0x5D, 0x23, 0x00, 0x00, 0x0C, 0x5D, 0xB6, 0xF8, 0xFF, 0xA0,
    0x00, 0x29, 0x6F, 0x20, 0x00, 0x00, 0x00, 0x8E, 0xFD, 0xFF, 0xFF, 0xD8, 0x88, 0x30, 0x00, 0x00,
    0x0B, 0x4C, 0x1B, 0x00, 0x00, 0x00, 0x00, 0x00, 0x00, 0x00, 0x00, 0x0F, 0x4D, 0x96, 0xE2, 0xFF,
    0x81, 0x00, 0x00, 0x00, 0x00, 0x00, 0x00, 0x00, 0x00, 0x00, 0x00, 0x14, 0x2D, 0x02, 0x00, 0x00,
    0x00, 0x00, 0x33, 0x1B, 0x00, 0x00, 0x00, 0x00, 0x00, 0x00, 0x00, 0x00, 0x00, 0x00, 0x69, 0xFF,
    0xEF, 0xAC, 0x66, 0x1F, 0x00, 0x00, 0x00, 0x00, 0x00, 0x00, 0x00, 0x00, 0x00, 0x00, 0x00, 0x00,
    0x00, 0x3E, 0x93, 0xD1, 0xFD, 0xFF, 0xFF, 0xD7, 0x92, 0x4E, 0x0B, 0x00, 0x00, 0x00, 0x00, 0x00,
    0x00, 0x00, 0x00, 0x00, 0x00, 0x00, 0x00, 0x11, 0x51, 0x95, 0xDE, 0xFF, 0xFE, 0x20, 0x00, 0x00,
    0x00, 0x00, 0x00, 0x00, 0x00, 0x00, 0x00, 0x00, 0x00, 0x00, 0x00, 0x00, 0x00, 0x00, 0x2E, 0x6D,
    0x00, 0x00, 0x00, 0x00, 0x00, 0x00, 0x00, 0x00, 0x00, 0x00, 0x00, 0x00, 0x00, 0x00, 0x00, 0x00,
    0x00, 0x0A, 0x00, 0x00, 0x00, 0x00, 0x00, 0x00, 0x00, 0x00, 0x00, 0x00, 0x00, 0x00, 0x43, 0x7E,
    0x12, 0x00, 0x06, 0xD5, 0x9E, 0x00, 0x00, 0x00, 0x00, 0x00, 0x00, 0x00, 0x00, 0x00, 0x00, 0x00,
    0x00, 0xB6, 0xFA, 0x23, 0x00, 0x00, 0x98, 0xFB, 0x27, 0x00, 0x00, 0x00, 0x00, 0x00, 0x00, 0x00,
    0x00, 0x00, 0x00, 0x3A, 0xFF, 0x94, 0x00, 0x00, 0x00, 0x19, 0xF4, 0xC2, 0x02, 0x00, 0x00, 0x00,
    0x00, 0x00, 0x00, 0x00, 0x00, 0x04, 0xCB, 0xF3, 0x18, 0x00, 0x00, 0x00, 0x00, 0x76, 0xFF, 0x84,
    0x00, 0x00, 0x00, 0x00, 0x00, 0x00, 0x00, 0x00, 0x7E, 0xFF, 0x7D, 0x00, 0x00, 0x00, 0x00, 0x00,
    0x03, 0xC6, 0xFF, 0x6B, 0x00, 0x00, 0x00, 0x00, 0x00, 0x00, 0x33, 0xFA, 0xD2, 0x06, 0x00, 0x00,
    0x00, 0x00, 0x00, 0x00, 0x19, 0xDD, 0xFF, 0x8A, 0x04, 0x00, 0x00, 0x00, 0x1B, 0xE3, 0xF5, 0x2A,
    0x00, 0x00, 0x00, 0x00, 0x00, 0x00, 0x00, 0x00, 0x1D, 0xD6, 0xFF, 0xCB, 0x34, 0x00, 0x1B, 0xD9,
    0xFF, 0x8B, 0xA3, 0x9B, 0x98, 0x98, 0x98, 0x98, 0x98, 0x98, 0x98, 0x98, 0x75, 0xB6, 0xFF, 0xE9,
    0x12, 0x59, 0xF8, 0x77, 0x4D, 0xEE, 0xE7, 0xF0, 0xFF, 0xE9, 0xE4, 0xE4, 0xE4, 0xE6, 0xFF, 0x91,
    0x02, 0x7C, 0x4C, 0x00, 0x00, 0x22, 0x00, 0x00, 0x00, 0x00, 0x81, 0xFF, 0x1F, 0x00, 0x00, 0x00,
    0x28, 0xFF, 0x75, 0x00, 0x00, 0x00, 0x00, 0x00, 0x00, 0x00, 0x00, 0x00, 0x00, 0xA8, 0xF6, 0x01,
    0x00, 0x00, 0x00, 0x42, 0xFF, 0x5A, 0x00, 0x00, 0x00, 0x00, 0x00, 0x00, 0x00, 0x00, 0x00, 0x01,
    0xE5, 0xBF, 0x00, 0x00, 0x00, 0x00, 0x5B, 0xFF, 0x3E, 0x00, 0x00, 0x00, 0x00, 0x00, 0x00, 0x00,
    0x00, 0x00, 0x48, 0xFF, 0x75, 0x00, 0x00, 0x00, 0x00, 0x75, 0xFF, 0x23, 0x00, 0x00, 0x00, 0x00,
    0x00, 0x00, 0x00, 0x00, 0x06, 0xD3, 0xF4, 0x15, 0x00, 0x00, 0x00, 0x00, 0x8E, 0xFF, 0x08, 0x00,
    0x00, 0x00, 0x00, 0x00, 0x00, 0x00, 0x03, 0xA9, 0xFF, 0x6F, 0x00, 0x00, 0x00, 0x00, 0x00, 0xB1,
    0xEB, 0x00, 0x00, 0x00, 0x00, 0x00, 0x00, 0x00, 0x27, 0xBF, 0xFF, 0x99, 0x00, 0x00, 0x00, 0x15,
    0x24, 0x4C, 0xF4, 0xBE, 0x00, 0x00, 0x00, 0x00, 0x00, 0x06, 0xA1, 0xFD, 0xFB, 0x7E, 0x00, 0x00,
    0x00, 0x00, 0x3D, 0xFF, 0xFF, 0xF7, 0x49, 0x00, 0x00, 0x00, 0x00, 0x00, 0x00, 0x52, 0xC7, 0x2E,
    0x00, 0x00, 0x00, 0x00, 0x00, 0x00, 0x8A, 0x6D, 0x1E, 0x00, 0x00, 0x00, 0x00, 0x00, 0x00, 0x00,
    0x00, 0x00, 0x00, 0x06, 0x22, 0x00, 0x00, 0x00, 0x00, 0x00, 0x00, 0x00, 0x00, 0x00, 0x00, 0x00,
    0x00, 0x00, 0x00, 0x00, 0x00, 0x00, 0xBC, 0xDF, 0x05, 0x00, 0x00, 0x00, 0x00, 0x00, 0x00, 0x00,
    0x00, 0x00, 0x00, 0x00, 0x00, 0x00, 0x00, 0x00, 0x00, 0x5A, 0xFF, 0x69, 0x00, 0x21, 0x80, 0x79,
    0x75, 0x74, 0x74, 0x74, 0x74, 0x74, 0x74, 0x28, 0x00, 0x00, 0x00, 0x00, 0x04, 0xBC, 0x55, 0x00,
    0x40, 0xFE, 0xF7, 0xF5, 0xFF, 0xF9, 0xF4, 0xF4, 0xF6, 0xFF, 0x4F, 0x00, 0x12, 0x3D, 0x34, 0x30,
    0x30, 0x30, 0x2F, 0x02, 0x00, 0x00, 0x13, 0xFF, 0x68, 0x00, 0x00, 0x3B, 0xFF, 0x43, 0x00, 0x48,
    0xFF, 0xFF, 0xFF, 0xFF, 0xFF, 0xC1, 0x00, 0x00, 0x00, 0x1E, 0xFF, 0x5A, 0x00, 0x00, 0x48, 0xFF,
    0x36, 0x00, 0x15, 0x46, 0x3E, 0x38, 0x80, 0xFF, 0x51, 0x00, 0x00, 0x00, 0x2A, 0xFF, 0x4C, 0x00,
    0x00, 0x55, 0xFF, 0x2A, 0x00, 0x00, 0x00, 0x00, 0x04, 0xD7, 0xD5, 0x01, 0x04, 0x00, 0x00, 0x40,
    0xFF, 0x3E, 0x00, 0x00, 0x62, 0xFF, 0x1D, 0x00, 0x00, 0x00, 0x00, 0x7E, 0xFF, 0x4A, 0x10, 0xD1,
    0x36, 0x00, 0x56, 0xFF, 0x2B, 0x00, 0x00, 0x6E, 0xFF, 0x10, 0x00, 0x00, 0x00, 0x44, 0xFD, 0xFE,
    0x63, 0xB4, 0xF3, 0x4F, 0x00, 0x79, 0xFF, 0x0D, 0x00, 0x00, 0x7B, 0xFF, 0x04, 0x00, 0x00, 0x3D,
    0xF3, 0xFF, 0xFF, 0xFF, 0xF6, 0x37, 0x00, 0x00, 0xA1, 0xE8, 0x00, 0x00, 0x00, 0x88, 0xF7, 0x00,
    0x00, 0x61, 0xF5, 0xD4, 0xB2, 0xDE, 0xA1, 0xFF, 0x73, 0x00, 0x00, 0xDE, 0xB3, 0x00, 0x00, 0x00,
    0x95, 0xEB, 0x00, 0x23, 0xF8, 0xD1, 0x19, 0xA0, 0xDC, 0x03, 0xBC, 0xFE, 0x32, 0x2A, 0xFF, 0x6F,
    0x00, 0x00, 0x00, 0xA2, 0xDE, 0x00, 0x00, 0x4F, 0x0E, 0x00, 0xA0, 0xDC, 0x00, 0x19, 0x5E, 0x00,
    0x92, 0xFD, 0x1B, 0x00, 0x00, 0x00, 0xAE, 0xD2, 0x00, 0x00, 0x00, 0x00, 0x00, 0xA0, 0xDC, 0x00,
    0x00, 0x00, 0x1F, 0xF7, 0xA9, 0x00, 0x00, 0x00, 0x00, 0xBB, 0xC5, 0x00, 0x00, 0x00, 0x00, 0x00,
    0xA0, 0xDC, 0x00, 0x00, 0x01, 0xB6, 0xFB, 0x2B, 0x00, 0x00, 0x00, 0x00, 0xD3, 0xB6, 0x00, 0x00,
    0x00, 0x00, 0x00, 0xA0, 0xDD, 0x00, 0x00, 0x88, 0xFF, 0x82, 0x00, 0x00, 0x25, 0x33, 0x64, 0xFD,
    0x96, 0x00, 0x00, 0x00, 0x00, 0x00, 0xA6, 0xE4, 0x00, 0x8C, 0xFF, 0xBF, 0x05, 0x00, 0x00, 0x99,
    0xFF, 0xFF, 0xFC, 0x3C, 0x00, 0x00, 0x00, 0x00, 0x00, 0x99, 0xCE, 0x00, 0x28, 0xA3, 0x0E, 0x00,
    0x00, 0x00, 0x36, 0xB3, 0x80, 0x2C, 0x00, 0x00, 0x00, 0x00, 0x00, 0x00, 0x00, 0x00, 0x00, 0x00,
    0x03, 0x03, 0x00, 0x00, 0x00, 0x00, 0x00, 0x00, 0x00, 0x00, 0x00, 0x00, 0x00, 0x00, 0x00, 0x00,
    0x00, 0x00, 0x00, 0xEA, 0xEB, 0x00, 0x00, 0x00, 0x00, 0x00, 0x00, 0x00, 0x00, 0x00, 0x00, 0x00,
    0x00, 0x00, 0x00, 0x00, 0x00, 0x00, 0xE0, 0xE4, 0x00, 0x00, 0x00, 0x00, 0x00, 0x00, 0x00, 0x00,
    0x00, 0x00, 0x00, 0x00, 0x00, 0x00, 0x00, 0x00, 0x00, 0xDC, 0xDD, 0x00, 0x00, 0x00, 0x00, 0x00,
    0x00, 0x00, 0x00, 0x00, 0x00, 0x00, 0x00, 0x00, 0x00, 0x00, 0x00, 0x00, 0xDC, 0xDC, 0x00, 0x00,
    0x00, 0x00, 0x00, 0x00, 0x00, 0x00, 0x00, 0x00, 0x00, 0x00, 0x00, 0x00, 0x00, 0x00, 0x00, 0xDC,
    0xDC, 0x00, 0x00, 0x00, 0x00, 0x00, 0x00, 0x00, 0x00, 0x00, 0x00, 0x00, 0x00, 0x00, 0x00, 0x00,
    0x00, 0x00, 0xDC, 0xDC, 0x00, 0x00, 0x00, 0x00, 0x00, 0x00, 0x00, 0x00, 0x00, 0x0A, 0x02, 0x00,
    0x00, 0x00, 0x00, 0x00, 0x00, 0xDC, 0xDC, 0x00, 0x00, 0x00, 0x00, 0x00, 0x00, 0x02, 0x0A, 0x00,
    0xFC, 0xFF, 0xFD, 0xFC, 0xFC, 0xFC, 0xFC, 0xFC, 0xFF, 0xFF, 0xFC, 0xFC, 0xFC, 0xFC, 0xFC, 0xFD,
    0xFF, 0xFF, 0x10, 0x79, 0x72, 0x6D, 0x6C, 0x6C, 0x6C, 0x6C, 0x6C, 0xEB, 0xEB, 0x6C, 0x6C, 0x6C,
    0x6C, 0x6C, 0x6D, 0x72, 0x7B, 0x08, 0x00, 0x00, 0x00, 0x00, 0x00, 0x00, 0x00, 0x00, 0xDC, 0xDC,
    0x00, 0x00, 0x00, 0x00, 0x00, 0x00, 0x00, 0x00, 0x00, 0x00, 0x00, 0x00, 0x00, 0x00, 0x00, 0x00,
    0x00, 0xDC, 0xDC, 0x00, 0x00, 0x00, 0x00, 0x00, 0x00, 0x00, 0x00, 0x00, 0x00, 0x00, 0x00, 0x00,
    0x00, 0x00, 0x00, 0x00, 0xDC, 0xDC, 0x00, 0x00, 0x00, 0x00, 0x00, 0x00, 0x00, 0x00, 0x00, 0x00,
    0x00, 0x00, 0x00, 0x00, 0x00, 0x00, 0x00, 0xDC, 0xDC, 0x00, 0x00, 0x00, 0x00, 0x00, 0x00, 0x00,
    0x00, 0x00, 0x00, 0x00, 0x00, 0x00, 0x00, 0x00, 0x00, 0x00, 0xDC, 0xDC, 0x00, 0x00, 0x00, 0x00,
    0x00, 0x00, 0x00, 0x00, 0x00, 0x00, 0x00, 0x00, 0x00, 0x00, 0x00, 0x00, 0x00, 0xDE, 0xDD, 0x00,
    0x00, 0x00, 0x00, 0x00, 0x00, 0x00, 0x00, 0x00, 0x00, 0x00, 0x00, 0x00, 0x00, 0x00, 0x00, 0x00,
    0xE1, 0xE1, 0x00, 0x00, 0x00, 0x00, 0x00, 0x00, 0x00, 0x00, 0x00, 0x00, 0x00, 0x00, 0x00, 0x00,
    0x00, 0x00, 0x00, 0xE8, 0xE7, 0x00, 0x00, 0x00, 0x00, 0x00, 0x00, 0x00, 0x00, 0x00, 0x00, 0x00,
    0x00, 0x00, 0x00, 0x00, 0x00, 0x00, 0x85, 0x85, 0x00, 0x00, 0x00, 0x00, 0x00, 0x00, 0x00, 0x00,
    0x00, 0x00, 0x00, 0x00, 0x00, 0x00, 0x23, 0x00, 0x00, 0x00, 0x00, 0x00, 0x00, 0x00, 0x00, 0x00,
    0x00, 0x00, 0x00, 0x00, 0x00, 0x00, 0x00, 0x26, 0xFE, 0x98, 0x00, 0x00, 0x00, 0x00, 0x00, 0x00,
    0x00, 0x00, 0x00, 0x00, 0x00, 0x00, 0x00, 0x00, 0x00, 0x88, 0xFE, 0x31, 0x00, 0x00, 0x00, 0x00,
    0x00, 0x00, 0x00, 0x00, 0x00, 0x00, 0x00, 0x00, 0x00, 0x00, 0x0E, 0xEA, 0xA7, 0x00, 0x00, 0x00,
    0x00, 0x00, 0x00, 0x00, 0x00, 0x00, 0x00, 0x00, 0x00, 0x00, 0x00, 0x00, 0x88, 0xFF, 0xEE, 0xE4,
    0xE4, 0xE4, 0xE4, 0xE4, 0xE4, 0xE4, 0xE4, 0xE4, 0xEC, 0x54, 0x00, 0x00, 0x00, 0x27, 0xF8, 0xB0,
    0x70, 0x70, 0x70, 0x86, 0xFF, 0x9F, 0x70, 0x70, 0x70, 0x70, 0x70, 0x26, 0x00, 0x00, 0x07, 0xCD,
    0xE7, 0x0F, 0x00, 0x00, 0x00, 0x28, 0xFF, 0x54, 0x00, 0x00, 0x00, 0x00, 0x00, 0x00, 0x00, 0x01,
    0xA3, 0xFF, 0x52, 0x00, 0x00, 0x00, 0x00, 0x28, 0xFF, 0x54, 0x00, 0x00, 0x00, 0x00, 0x00, 0x00,
    0x00, 0x06, 0x64, 0x8B, 0x00, 0x00, 0x00, 0x00, 0x00, 0x28, 0xFF, 0x54, 0x00, 0x00, 0x00, 0x00,
    0x00, 0x00, 0x00, 0x00, 0x00, 0x00, 0x00, 0x00, 0x00, 0x00, 0x00, 0x28, 0xFF, 0x54, 0x00, 0x00,
    0x00, 0x00, 0x00, 0x00, 0x00, 0x5E, 0x83, 0x7D, 0x7C, 0x7C, 0x7C, 0x7C, 0x7C, 0x90, 0xFF, 0xA7,
    0x7C, 0x7C, 0x7C, 0x7C, 0x7F, 0x8E, 0x82, 0x9C, 0xDF, 0xD9, 0xD8, 0xD8, 0xD8, 0xD8, 0xD8, 0xDE,
    0xFF, 0xE5, 0xD8, 0xD8, 0xD8, 0xD8, 0xD8, 0xD8, 0xB2, 0x00, 0x00, 0x00, 0x00, 0x00, 0x00, 0x00,
    0x00, 0x28, 0xFF, 0x54, 0x00, 0x00, 0x00, 0x00, 0x00, 0x00, 0x00, 0x00, 0x00, 0x00, 0x00, 0x00,
    0x00, 0x00, 0x00, 0x28, 0xFF, 0x54, 0x00, 0x00, 0x00, 0x00, 0x00, 0x00, 0x00, 0x00, 0x00, 0x00,
    0x00, 0x00, 0x00, 0x00, 0x00, 0x28, 0xFF, 0x54, 0x00, 0x00, 0x00, 0x00, 0x00, 0x00, 0x00, 0x00,
    0x00, 0x00, 0x00, 0x00, 0x00, 0x00, 0x00, 0x28, 0xFF, 0x54, 0x00, 0x00, 0x00, 0x00, 0x00, 0x00,
    0x00, 0x00, 0x00, 0x00, 0x00, 0x00, 0x00, 0x00, 0x00, 0x2D, 0xFF, 0x58, 0x00, 0x00, 0x00, 0x00,
    0x00, 0x00, 0x00, 0x00, 0x00, 0x00, 0x00, 0x00, 0x00, 0x00, 0x00, 0x38, 0xFF, 0x5F, 0x00, 0x00,
    0x00, 0x00, 0x00, 0x00, 0x00, 0x00, 0x00, 0x00, 0x00, 0x00, 0x00, 0x00, 0x00, 0x34, 0xB8, 0x48,
    0x00, 0x00, 0x00, 0x00, 0x00, 0x00, 0x00, 0x00, 0x00, 0x00, 0x00, 0x01, 0x2A, 0x70, 0xB3, 0x0D,
    0x00, 0x00, 0x00, 0x00, 0x00, 0x00, 0x00, 0x00, 0x00, 0x02, 0x80, 0x98, 0xC0, 0xEF, 0xFF, 0xFF,
    0xE8, 0x72, 0x00, 0xA0, 0xC4, 0xC4, 0xC4, 0xC4, 0xC4, 0xC4, 0x4F, 0x00, 0xED, 0xE0, 0x87, 0x61,
    0x39, 0x10, 0x00, 0x00, 0x00, 0xCD, 0xE7, 0x7C, 0x7C, 0x7C, 0xA1, 0xFF, 0x57, 0x00, 0xDB, 0xAC,
    0x00, 0x00, 0x05, 0x67, 0x3E, 0x00, 0x00, 0xC7, 0xD0, 0x00, 0x00, 0x00, 0x48, 0xFF, 0x4D, 0x00,
    0xD2, 0xAC, 0x00, 0x00, 0x09, 0xFF, 0xC9, 0x00, 0x00, 0xC1, 0xD0, 0x00, 0x00, 0x00, 0x48, 0xFF,
    0x48, 0x00, 0xD0, 0xAC, 0x00, 0x00, 0x05, 0xFF, 0xA2, 0x00, 0x00, 0xC0, 0xD0, 0x00, 0x00, 0x00,
    0x48, 0xFF, 0x48, 0x00, 0xD0, 0xAC, 0x00, 0x00, 0x00, 0xFE, 0x98, 0x00, 0x00, 0xC0, 0xD0, 0x00,
    0x00, 0x00, 0x48, 0xFF, 0x48, 0x00, 0xD0, 0xAC, 0x00, 0x00, 0x00, 0xFA, 0x9A, 0x00, 0x00, 0xC0,
    0xD0, 0x00, 0x00, 0x00, 0x48, 0xFF, 0x48, 0x00, 0xD0, 0xAC, 0x00, 0x00, 0x00, 0xF9, 0x9E, 0x00,
    0x00, 0xC0, 0xD0, 0x00, 0x00, 0x00, 0x48, 0xFF, 0x48, 0x00, 0xD0, 0xAC, 0x00, 0x00, 0x09, 0xF9,
    0x9D, 0x00, 0x00, 0xC0, 0xD0, 0x00, 0x00, 0x00, 0x48, 0xFF, 0x48, 0x00, 0xDE, 0xB0, 0x45, 0x9D,
    0xF1, 0xFF, 0x95, 0x00, 0x00, 0xC0, 0xD0, 0x00, 0x00, 0x00, 0x48, 0xFF, 0x48, 0x45, 0xFF, 0xFF,
    0xFF, 0xD8, 0x94, 0xFF, 0x7C, 0x00, 0x00, 0xC0, 0xD0, 0x00, 0x00, 0x00, 0x4C, 0xFF, 0x47, 0x17,
    0xE4, 0xBC, 0x3B, 0x00, 0x64, 0xFF, 0x4E, 0x00, 0x00, 0xC0, 0xD0, 0x00, 0x33, 0x51, 0xAF, 0xFF,
    0x3C, 0x00, 0x1F, 0x00, 0x00, 0x06, 0xD2, 0xF3, 0x0F, 0x00, 0x00, 0xC0, 0xD0, 0x00, 0x63, 0xFF,
    0xFF, 0xD7, 0x09, 0x00, 0x00, 0x00, 0x05, 0x9D, 0xFF, 0x7F, 0x00, 0x00, 0x00, 0xC2, 0xD0, 0x00,
    0x0E, 0x7C, 0x3F, 0x03, 0x00, 0x00, 0x0A, 0x63, 0xDB, 0xFF, 0xA6, 0x02, 0x00, 0x00, 0x00, 0xC4,
    0xD0, 0x00, 0x00, 0x00, 0x00, 0x00, 0x00, 0x68, 0xF4, 0xFF, 0xF0, 0x6B, 0x00, 0x00, 0x00, 0x00,
    0x00, 0xC9, 0xD0, 0x00, 0x00, 0x00, 0x00, 0x00, 0x00, 0x01, 0x91, 0x94, 0x15, 0x00, 0x00, 0x00,
    0x00, 0x00, 0x00, 0xC6, 0xC6, 0x00, 0x00, 0x00, 0x00, 0x00, 0x00, 0x00, 0x00, 0x00, 0x14, 0x14,
    0x14, 0x14, 0x14, 0x14, 0x14, 0x14, 0x14, 0x14, 0x14, 0x14, 0x15, 0x19, 0x19, 0x00, 0x00, 0x00,
    0xF9, 0xFF, 0xFF, 0xFF, 0xFF, 0xFF, 0xFF, 0xFF, 0xFF, 0xFF, 0xFF, 0xFF, 0xFF, 0xFF, 0xBC, 0x00,
    0x00, 0x00, 0xE8, 0xC3, 0x40, 0x40, 0x40, 0x40, 0x40, 0x77, 0x5A, 0x40, 0x40, 0x40, 0x40, 0x44,
    0x39, 0x00, 0x00, 0x00, 0xE1, 0xAF, 0x00, 0x00, 0x00, 0x00, 0x00, 0xC4, 0xFF, 0x19, 0x00, 0x00,
    0x00, 0x00, 0x00, 0x00, 0x00, 0x00, 0xE0, 0xAE, 0x00, 0x00, 0x00, 0x00, 0x00, 0xC4, 0xF1, 0x00,
    0x00, 0x00, 0x00, 0x00, 0x00, 0x00, 0x00, 0x00, 0xE0, 0xAD, 0x00, 0x00, 0x00, 0x00, 0x00, 0xCA,
    0xD5, 0x00, 0x00, 0x00, 0x00, 0x00, 0x00, 0x00, 0x00, 0x00, 0xE0, 0xAC, 0x03, 0x31, 0x27, 0x24,
    0x24, 0xDA, 0xC9, 0x24, 0x24, 0x24, 0x24, 0x24, 0x17, 0x00, 0x00, 0x00, 0xE1, 0xA9, 0x10, 0xFF,
    0xFF, 0xFF, 0xFF, 0xFF, 0xFF, 0xFF, 0xFF, 0xFF, 0xFF, 0xFF, 0x94, 0x00, 0x00, 0x00, 0xEA, 0xA5,
    0x04, 0x3A, 0x32, 0x30, 0x31, 0xFA, 0xA7, 0x30, 0x30, 0x30, 0x53, 0xFF, 0x7B, 0x00, 0x00, 0x00,
    0xF4, 0x97, 0x00, 0x00, 0x00, 0x00, 0x1C, 0xFF, 0x6B, 0x00, 0x00, 0x00, 0x3D, 0xFF, 0x65, 0x00,
    0x00, 0x0E, 0xFF, 0x84, 0x00, 0x00, 0x00, 0x00, 0x50, 0xFF, 0x39, 0x00, 0x00, 0x00, 0x4F, 0xFF,
    0x52, 0x00, 0x00, 0x2F, 0xFF, 0x71, 0x00, 0x00, 0x00, 0x00, 0x9E, 0xF3, 0x04, 0x00, 0x00, 0x00,
    0x63, 0xFF, 0x41, 0x00, 0x00, 0x5F, 0xFF, 0x55, 0x00, 0x00, 0x00, 0x15, 0xF5, 0xA4, 0x00, 0x00,
    0x00, 0x00, 0x7B, 0xFF, 0x30, 0x00, 0x00, 0x98, 0xFF, 0x2C, 0x00, 0x00, 0x00, 0x9D, 0xFF, 0x38,
    0x00, 0x00, 0x00, 0x00, 0x95, 0xFF, 0x21, 0x00, 0x01, 0xE0, 0xF0, 0x02, 0x00, 0x00, 0x62, 0xFF,
    0xA6, 0x00, 0x00, 0x00, 0x00, 0x00, 0xB2, 0xFF, 0x0C, 0x00, 0x46, 0xFF, 0xA4, 0x00, 0x01, 0x76,
    0xFE, 0xDB, 0x0E, 0x00, 0x00, 0x15, 0x49, 0x5C, 0xF3, 0xEB, 0x00, 0x03, 0xCD, 0xFF, 0x4B, 0x0E,
    0xC4, 0xFF, 0xEA, 0x2B, 0x00, 0x00, 0x00, 0x0C, 0xF0, 0xFF, 0xFF, 0x94, 0x00, 0x13, 0xA2, 0xC9,
    0x01, 0x00, 0x2C, 0xBC, 0x28, 0x00, 0x00, 0x00, 0x00, 0x00, 0x74, 0x83, 0x48, 0x01, 0x00, 0x00,
    0x00, 0x03, 0x00, 0x00, 0x00, 0x00, 0x00, 0x00, 0x00, 0x00, 0x00, 0x00, 0x00, 0x00, 0x00, 0x00,
    0x00, 0x00, 0x00, 0x00, 0x57, 0x64, 0x64, 0x64, 0x64, 0x64, 0x64, 0x64, 0x64, 0x64, 0x64, 0x64,
    0x64, 0x64, 0x31, 0x00, 0x00, 0x00, 0xDA, 0xF4, 0xDC, 0xDC, 0xDC, 0xDC, 0xDC, 0xDC, 0xDC, 0xDC,
    0xDC, 0xDC, 0xDE, 0xFF, 0x7A, 0x00, 0x00, 0x00, 0xD2, 0xAE, 0x00, 0x00, 0x00, 0x00, 0x74, 0x91,
    0x00, 0x00, 0x00, 0x00, 0x10, 0xFF, 0x75, 0x00, 0x00, 0x00, 0xCD, 0xAD, 0x00, 0x00, 0x00, 0x00,
    0xA3, 0xCE, 0x00, 0x00, 0x00, 0x00, 0x10, 0xFF, 0x6F, 0x00, 0x00, 0x00, 0xC8, 0xAC, 0x00, 0xC7,
    0xEB, 0xE5, 0xF4, 0xF9, 0xE1, 0xE5, 0xEA, 0x00, 0x10, 0xFF, 0x6C, 0x00, 0x00, 0x00, 0xC7, 0xA9,
    0x00, 0x6E, 0x80, 0x7A, 0xCC, 0xE1, 0x75, 0x79, 0x7F, 0x00, 0x10, 0xFF, 0x6C, 0x00, 0x00, 0x00,
    0xC6, 0xA6, 0x00, 0x00, 0x00, 0x00, 0xA0, 0xC8, 0x00, 0x00, 0x00, 0x00, 0x10, 0xFF, 0x6C, 0x00,
    0x00, 0x00, 0xCA, 0xA1, 0x7F, 0xCD, 0xC8, 0xC3, 0xE8, 0xF2, 0xC1, 0xC3, 0xC8, 0xCF, 0x20, 0xFF,
    0x6C, 0x00, 0x00, 0x00, 0xD8, 0x9A, 0x64, 0x9F, 0x98, 0x94, 0x94, 0x94, 0x94, 0x97, 0x9B, 0xA4,
    0x1D, 0xFF, 0x6C, 0x00, 0x00, 0x00, 0xEC, 0x8F, 0x00, 0x02, 0x04, 0x04, 0x04, 0x04, 0x04, 0x04,
    0x02, 0x00, 0x10, 0xFF, 0x6C, 0x00, 0x00, 0x06, 0xFD, 0x7C, 0x00, 0x92, 0xFF, 0xFF, 0xFF, 0xFF,
    0xFF, 0xFF, 0xB8, 0x00, 0x10, 0xFF, 0x6C, 0x00, 0x00, 0x2E, 0xFF, 0x5E, 0x00, 0x86, 0xF9, 0x3C,
    0x3C, 0x3C, 0x3C, 0xDB, 0xAD, 0x00, 0x10, 0xFF, 0x6C, 0x00, 0x00, 0x5B, 0xFF, 0x39, 0x00, 0x84,
    0xF8, 0x00, 0x00, 0x00, 0x00, 0xD0, 0xAC, 0x00, 0x10, 0xFF, 0x6C, 0x00, 0x00, 0x98, 0xFB, 0x09,
    0x00, 0x88, 0xFA, 0x44, 0x44, 0x44, 0x44, 0xDC, 0xAE, 0x00, 0x10, 0xFF, 0x6C, 0x00, 0x03, 0xE6,
    0xC9, 0x00, 0x00, 0x90, 0xFC, 0xFC, 0xFC, 0xFC, 0xFC, 0xFC, 0xB7, 0x00, 0x10, 0xFF, 0x6C, 0x00,
    0x5D, 0xFF, 0x79, 0x00, 0x00, 0x00, 0x00, 0x00, 0x00, 0x00, 0x00, 0x00, 0x00, 0x00, 0x1D, 0xFF,
    0x6B, 0x05, 0xE1, 0xFB, 0x20, 0x00, 0x00, 0x00, 0x00, 0x00, 0x00, 0x00, 0x00, 0x03, 0xAF, 0xC1,
    0xE6, 0xFF, 0x4D, 0x00, 0x30, 0x88, 0x00, 0x00, 0x00, 0x00, 0x00, 0x00, 0x00, 0x00, 0x00, 0x00,
    0x85, 0xCC, 0xAF, 0x77, 0x02, 0x08, 0xD8, 0xD8, 0xD8, 0xD8, 0xD8, 0xD8, 0xD8, 0xD8, 0xD8, 0xD8,
    0xD8, 0xD8, 0xD8, 0xD8, 0xD8, 0xCF, 0x06, 0xFF, 0xC2, 0x68, 0x68, 0x68, 0xC0, 0xF0, 0x68, 0x71,
    0xFF, 0xA8, 0x68, 0x68, 0x68, 0xCE, 0xF1, 0x01, 0xFF, 0x98, 0x00, 0x00, 0x00, 0x99, 0xDF, 0x00,
    0x10, 0xFF, 0x6C, 0x00, 0x00, 0x00, 0xAC, 0xEC, 0x00, 0xFC, 0x98, 0x00, 0x00, 0x00, 0xA6, 0xD2,
    0x00, 0x10, 0xFF, 0x6C, 0x00, 0x00, 0x00, 0xAC, 0xE7, 0x00, 0xF8, 0x98, 0x00, 0x00, 0x00, 0xBE,
    0xB9, 0x00, 0x10, 0xFF, 0x6C, 0x00, 0x00, 0x00, 0xAC, 0xE4, 0x00, 0xF8, 0x98, 0x00, 0x00, 0x01,
    0xEA, 0x90, 0x00, 0x10, 0xFF, 0x6C, 0x00, 0x00, 0x00, 0xAC, 0xE4, 0x00, 0xF8, 0x98, 0x00, 0x00,
    0x3B, 0xFF, 0x54, 0x00, 0x10, 0xFF, 0x6C, 0x00, 0x00, 0x00, 0xAC, 0xE4, 0x00, 0xF8, 0x98, 0x00,
    0x00, 0xAE, 0xEB, 0x09, 0x00, 0x10, 0xFF, 0x6C, 0x00, 0x00, 0x00, 0xAC, 0xE4, 0x00, 0xF8, 0x98,
    0x00, 0x4F, 0xFF, 0x67, 0x00, 0x00, 0x0F, 0xFF, 0xA2, 0x1B, 0x1F, 0x1A, 0xAC, 0xE4, 0x00, 0xF8,
    0x98, 0x3E, 0xF2, 0xC4, 0x02, 0x00, 0x00, 0x00, 0xDC, 0xFF, 0xFF, 0xFF, 0x73, 0xAC, 0xE4, 0x00,
    0xF8, 0x98, 0x87, 0xDD, 0x15, 0x00, 0x00, 0x00, 0x00, 0x16, 0x49, 0x4D, 0x4F, 0x15, 0xAC, 0xE4,
    0x00, 0xF8, 0x98, 0x00, 0x0E, 0x00, 0x00, 0x00, 0x00, 0x00, 0x00, 0x00, 0x00, 0x00, 0x00, 0xAC,
    0xE4, 0x00, 0xFA, 0x98, 0x00, 0x00, 0x00, 0x00, 0x00, 0x00, 0x00, 0x00, 0x00, 0x00, 0x00, 0x00,
    0xAC, 0xE4, 0x00, 0xFC, 0xC2, 0x68, 0x68, 0x68, 0x68, 0x68, 0x68, 0x68, 0x68, 0x68, 0x68, 0x68,
    0x68, 0xCE, 0xE7, 0x00, 0xFE, 0xF7, 0xEC, 0xEC, 0xEC, 0xEC, 0xEC, 0xEC, 0xEC, 0xEC, 0xEC, 0xEC,
    0xEC, 0xEC, 0xF9, 0xEB, 0x06, 0xFF, 0x98, 0x00, 0x00, 0x00, 0x00, 0x00, 0x00, 0x00, 0x00, 0x00,
    0x00, 0x00, 0x00, 0xAC, 0xF1, 0x05, 0x90, 0x55, 0x00, 0x00, 0x00, 0x00, 0x00, 0x00, 0x00, 0x00,
    0x00, 0x00, 0x00, 0x00, 0x45, 0x64, 0x00, 0x00, 0x00, 0x00, 0x00, 0x00, 0x00, 0x00, 0x00, 0x00,
    0x00, 0x04, 0x28, 0x5F, 0xA4, 0x10, 0x00, 0x00, 0x00, 0x10, 0x24, 0x2F, 0x40, 0x53, 0x6A, 0x81,
    0x9B, 0xB9, 0xD8, 0xFA, 0xFF, 0xFF, 0xE6, 0x73, 0x00, 0x00, 0x00, 0x1F, 0xFB, 0xFF, 0xFF, 0xF7,
    0xE1, 0xC9, 0xF0, 0xE2, 0x69, 0x4B, 0x2A, 0x09, 0x00, 0x00, 0x00, 0x00, 0x00, 0x00, 0x32, 0x26,
    0x0F, 0x00, 0x00, 0x00, 0xC8, 0xC8, 0x00, 0x00, 0x00, 0x00, 0x00, 0x00, 0x00, 0x00, 0x00, 0x00,
    0x00, 0x00, 0x00, 0x00, 0x00, 0x00, 0xC8, 0xC8, 0x00, 0x00, 0x00, 0x00, 0x00, 0x00, 0x00, 0x00,
    0x00, 0x00, 0x00, 0x00, 0x00, 0x00, 0x00, 0x00, 0xC8, 0xC8, 0x00, 0x00, 0x00, 0x00, 0x00, 0x00,
    0x00, 0x00, 0x00, 0x00, 0x00, 0x00, 0x00, 0x00, 0x00, 0x00, 0xC8, 0xC8, 0x00, 0x00, 0x00, 0x00,
    0x00, 0x00, 0x00, 0x00, 0x27, 0x27, 0x20, 0x20, 0x20, 0x20, 0x20, 0x20, 0xCF, 0xCF, 0x20, 0x20,
    0x20, 0x20, 0x20, 0x20, 0x28, 0x20, 0xD4, 0xFF, 0xFF, 0xFF, 0xFF, 0xFF, 0xFF, 0xFF, 0xFF, 0xFF,
    0xFF, 0xFF, 0xFF, 0xFF, 0xFF, 0xFF, 0xFF, 0xAC, 0x28, 0x28, 0x20, 0x20, 0x20, 0x20, 0x20, 0x20,
    0xCF, 0xCF, 0x20, 0x20, 0x20, 0x20, 0x20, 0x20, 0x29, 0x20, 0x00, 0x00, 0x00, 0x00, 0x00, 0x00,
    0x00, 0x00, 0xC8, 0xC8, 0x00, 0x00, 0x00, 0x00, 0x00, 0x00, 0x00, 0x00, 0x00, 0x00, 0x00, 0x00,
    0x00, 0x00, 0x00, 0x00, 0xC8, 0xC8, 0x00, 0x00, 0x00, 0x00, 0x00, 0x00, 0x00, 0x00, 0x00, 0x00,
    0x00, 0x00, 0x00, 0x00, 0x00, 0x00, 0xC8, 0xC8, 0x00, 0x00, 0x00, 0x00, 0x00, 0x00, 0x00, 0x00,
    0x00, 0x00, 0x00, 0x00, 0x00, 0x00, 0x00, 0x00, 0xC8, 0xC8, 0x00, 0x00, 0x00, 0x00, 0x00, 0x00,
    0x00, 0x00, 0x00, 0x00, 0x00, 0x00, 0x00, 0x00, 0x00, 0x00, 0xC8, 0xC8, 0x00, 0x00, 0x00, 0x00,
    0x00, 0x00, 0x00, 0x00, 0x00, 0x29, 0x95, 0x8D, 0x8C, 0x8C, 0x8C, 0x8C, 0xE6, 0xE6, 0x8C, 0x8C,
    0x8C, 0x8C, 0x8E, 0x98, 0x1D, 0x00, 0x00, 0x34, 0xBD, 0xB5, 0xB4, 0xB4, 0xB4, 0xB4, 0xB4, 0xB4,
    0xB4, 0xB4, 0xB4, 0xB4, 0xB7, 0xC1, 0x25, 0x00, 0x00, 0x00, 0x00, 0x00, 0x01, 0x01, 0x00, 0x00,
    0x00, 0x00, 0x00, 0x00, 0x00, 0x00, 0x00, 0x00, 0x00, 0x00, 0x00, 0x00, 0x00, 0x00, 0x00, 0x00,
    0x2F, 0xE0, 0x6B, 0x00, 0x00, 0x00, 0x00, 0x00, 0x87, 0xF0, 0x0B, 0x00, 0x00, 0x00, 0x00, 0x00,
    0x00, 0x00, 0x00, 0x00, 0x62, 0xFF, 0x55, 0x00, 0x00, 0x00, 0x00, 0x00, 0x89, 0xFF, 0x04, 0x00,
    0x00, 0x00, 0x00, 0x00, 0x00, 0x00, 0x00, 0x00, 0xA1, 0xF1, 0x07, 0x00, 0x00, 0x00, 0x00, 0x00,
    0x81, 0xFD, 0x00, 0x00, 0x00, 0x00, 0x00, 0x00, 0x00, 0x00, 0x00, 0x04, 0xEE, 0xEA, 0xA8, 0xA8,
    0xA8, 0xA8, 0x6F, 0x00, 0x80, 0xFC, 0x00, 0x00, 0x00, 0x00, 0x00, 0x00, 0x00, 0x00, 0x00, 0x46,
    0xFF, 0xC0, 0xAC, 0xAC, 0xAF, 0xFF, 0x8F, 0x00, 0x80, 0xFC, 0x00, 0x3F, 0x00, 0x00, 0x00, 0x00,
    0x00, 0x00, 0x00, 0xA6, 0xED, 0x08, 0x00, 0x00, 0x23, 0xFF, 0x6B, 0x00, 0x80, 0xFC, 0x5F, 0xFF,
    0x6B, 0x00, 0x00, 0x00, 0x00, 0x00, 0x23, 0xFB, 0xE7, 0x01, 0x00, 0x00, 0x4A, 0xFF, 0x3C, 0x00,
    0x80, 0xFC, 0x04, 0xB9, 0xFD, 0x51, 0x00, 0x00, 0x00, 0x00, 0xAA, 0xF6, 0xFF, 0x37, 0x00, 0x00,
    0x7F, 0xFD, 0x0C, 0x00, 0x80, 0xFC, 0x00, 0x0F, 0xD7, 0xF7, 0x3A, 0x00, 0x00, 0x49, 0xFF, 0x6A,
    0xDC, 0x98, 0x00, 0x00, 0xBA, 0xC9, 0x00, 0x00, 0x80, 0xFC, 0x00, 0x00, 0x2D, 0xF7, 0xE6, 0x0B,
    0x0A, 0xE3, 0xD8, 0x04, 0x78, 0xF7, 0x1A, 0x0B, 0xF8, 0x80, 0x00, 0x00, 0x80, 0xFC, 0x00, 0x00,
    0x00, 0x62, 0x3B, 0x00, 0x00, 0x23, 0x38, 0x00, 0x16, 0xF5, 0xA5, 0x60, 0xFF, 0x34, 0x00, 0x00,
    0x80, 0xFC, 0x00, 0x00, 0x00, 0x00, 0x00, 0x00, 0x00, 0x00, 0x00, 0x00, 0x00, 0x85, 0xFF, 0xEA,
    0xD5, 0x00, 0x00, 0x00, 0x83, 0xFE, 0x00, 0x00, 0x00, 0x00, 0x00, 0x00, 0x00, 0x00, 0x00, 0x00,
    0x00, 0x08, 0xDF, 0xFF, 0x64, 0x00, 0x00, 0x00, 0x86, 0xFF, 0x02, 0x00, 0x00, 0x00, 0x00, 0x00,
    0x00, 0x00, 0x00, 0x00, 0x00, 0x52, 0xFC, 0xFF, 0xC9, 0x19, 0x00, 0x00, 0x8D, 0xFF, 0x08, 0x00,
    0x00, 0x00, 0x00, 0x00, 0x00, 0x00, 0x00, 0x01, 0x77, 0xFC, 0xAD, 0x44, 0xF2, 0xEB, 0x6B, 0x08,
    0x56, 0x98, 0x08, 0x00, 0x00, 0x00, 0x00, 0x00, 0x00, 0x00, 0x32, 0xC6, 0xFF, 0x94, 0x03, 0x00,
    0x29, 0xCF, 0xFF, 0xF1, 0xA6, 0x6C, 0x40, 0x23, 0x1A, 0x17, 0x15, 0x05, 0x0F, 0xB8, 0xFF, 0xEE,
    0x58, 0x00, 0x00, 0x00, 0x00, 0x03, 0x5E, 0xC0, 0xFA, 0xFF, 0xFF, 0xFF, 0xFF, 0xFF, 0xDD, 0x0B,
    0x00, 0x75, 0x98, 0x14, 0x00, 0x00, 0x00, 0x00, 0x00, 0x00, 0x00, 0x00, 0x0B, 0x3F, 0x6D, 0x8F,
    0xA6, 0xB0, 0x58, 0x00, 0x9F, 0xE8, 0xE1, 0xDC, 0xDC, 0xDC, 0xDC, 0xDC, 0xDC, 0xDC, 0xDC, 0xDC,
    0xDC, 0xDC, 0xDC, 0xE2, 0xE9, 0x8D, 0x00, 0x41, 0x58, 0x53, 0x50, 0x50, 0x50, 0x50, 0x8A, 0xFF,
    0x93, 0x50, 0x50, 0x50, 0x50, 0x51, 0x57, 0x5D, 0x3A, 0x00, 0x00, 0x00, 0x1F, 0x84, 0x84, 0x84,
    0x84, 0xCF, 0xFF, 0x91, 0x84, 0x84, 0x84, 0x84, 0x84, 0x48, 0x00, 0x00, 0x00, 0x00, 0x00, 0x38,
    0xFF, 0xBE, 0x94, 0x94, 0x94, 0x94, 0x94, 0x94, 0x94, 0x94, 0x9C, 0xFF, 0x87, 0x00, 0x00, 0x00,
    0x00, 0x00, 0x31, 0xFF, 0x8B, 0x40, 0x40, 0x40, 0x40, 0x40, 0x40, 0x40, 0x40, 0x4F, 0xFF, 0x80,
    0x00, 0x00, 0x00, 0x00, 0x00, 0x2F, 0xFF, 0xE7, 0xD8, 0xD8, 0xD8, 0xD8, 0xD8, 0xD8, 0xD8, 0xD8,
    0xDB, 0xFF, 0x7E, 0x00, 0x00, 0x00, 0x00, 0x00, 0x2C, 0xFF, 0x79, 0x24, 0x24, 0x24, 0x24, 0x24,
    0x24, 0x24, 0x24, 0x35, 0xFF, 0x7C, 0x00, 0x00, 0x00, 0x00, 0x00, 0x2E, 0xFF, 0xF8, 0xF4, 0xF4,
    0xF4, 0xF4, 0xF4, 0xF4, 0xF4, 0xF4, 0xF4, 0xFF, 0x7C, 0x00, 0x00, 0x00, 0x00, 0x00, 0x31, 0xFF,
    0x68, 0x08, 0x08, 0x08, 0x08, 0x08, 0x08, 0x08, 0x08, 0x1B, 0xFF, 0x80, 0x00, 0x00, 0x00, 0x00,
    0x00, 0x39, 0xFF, 0xFF, 0xFF, 0xFF, 0xFF, 0xFF, 0xFF, 0xFF, 0xFF, 0xFF, 0xFF, 0xFF, 0x88, 0x00,
    0x00, 0x00, 0x00, 0x00, 0x04, 0x10, 0x23, 0xDF, 0xD0, 0x1A, 0x10, 0x10, 0x10, 0x10, 0x10, 0x10,
    0x10, 0x08, 0x00, 0x00, 0x00, 0x00, 0x00, 0x00, 0x26, 0xD6, 0xFF, 0xE5, 0xD8, 0xD8, 0xD8, 0xD8,
    0xD8, 0xD8, 0xD8, 0x90, 0x00, 0x00, 0x00, 0x00, 0x00, 0x03, 0x6C, 0xF2, 0xF2, 0xFF, 0x99, 0x40,
    0x40, 0x40, 0x40, 0x69, 0xFA, 0xCE, 0x0F, 0x00, 0x00, 0x00, 0x00, 0x06, 0xC5, 0xFF, 0x9C, 0x0E,
    0x84, 0xFE, 0x81, 0x05, 0x00, 0x39, 0xEA, 0xCB, 0x14, 0x00, 0x00, 0x00, 0x00, 0x00, 0x00, 0x22,
    0x49, 0x00, 0x00, 0x00, 0x5C, 0xF1, 0xD8, 0x97, 0xFC, 0xAD, 0x0C, 0x00, 0x00, 0x00, 0x00, 0x00,
    0x00, 0x00, 0x00, 0x00, 0x00, 0x00, 0x10, 0x51, 0xB7, 0xFF, 0xFF, 0xF5, 0x7D, 0x3C, 0x0C, 0x00,
    0x00, 0x00, 0x00, 0x00, 0x56, 0x83, 0x99, 0xB5, 0xDF, 0xFF, 0xFE, 0xC8, 0x66, 0x2F, 0x82, 0xD8,
    0xFF, 0xFE, 0xE2, 0xC4, 0xAC, 0x97, 0x08, 0x5B, 0xFF, 0xE5, 0xBD, 0x91, 0x5C, 0x18, 0x00, 0x00,
    0x00, 0x00, 0x00, 0x20, 0x5C, 0x8D, 0xB7, 0xDB, 0x6E, 0x00, 0x02, 0x0A, 0x00, 0x00, 0x00, 0x00,
    0x00, 0x00, 0x00, 0x00, 0x00, 0x00, 0x00, 0x00, 0x00, 0x00, 0x00, 0x00, 0x00, 0x00, 0x00, 0x00,
    0x00, 0x00, 0x00, 0x00, 0x00, 0x00, 0x09, 0x00, 0x00, 0x00, 0x00, 0x00, 0x00, 0x00, 0x00, 0x00,
    0x00, 0x00, 0x00, 0x00, 0x00, 0x00, 0x00, 0x00, 0x00, 0xFA, 0xE7, 0x05, 0x00, 0x00, 0x00, 0x00,
    0x00, 0x00, 0x00, 0x00, 0x00, 0x00, 0x00, 0x00, 0x00, 0x00, 0x00, 0x00, 0xEB, 0xD7, 0x00, 0x00,
    0x00, 0x00, 0x00, 0x00, 0x00, 0x00, 0x00, 0x00, 0x00, 0x00, 0x00, 0x00, 0x00, 0x00, 0x00, 0xE4,
    0xBC, 0x00, 0x00, 0x00, 0x00, 0x00, 0x00, 0x00, 0x00, 0x00, 0x00, 0x00, 0x00, 0x00, 0x00, 0x00,
    0x00, 0x00, 0xE5, 0xB1, 0x00, 0x00, 0x00, 0x00, 0x00, 0x00, 0x00, 0x00, 0x00, 0x00, 0x00, 0x00,
    0x00, 0x00, 0x00, 0x00, 0x00, 0xEA, 0xA7, 0x00, 0x00, 0x00, 0x00, 0x00, 0x00, 0x00, 0x00, 0x00,
    0x37, 0xBB, 0xAE, 0xA2, 0xA0, 0xA0, 0xA0, 0xA0, 0xF9, 0xDC, 0xA0, 0xA0, 0xA0, 0xA0, 0xA3, 0xA9,
    0xB7, 0x64, 0x00, 0x43, 0xE7, 0xE0, 0xDD, 0xDC, 0xDC, 0xDC, 0xDD, 0xFF, 0xF6, 0xDC, 0xDC, 0xDC,
    0xDC, 0xDD, 0xE4, 0xEA, 0x7A, 0x00, 0x00, 0x00, 0x00, 0x00, 0x00, 0x00, 0x00, 0x26, 0xFF, 0xE6,
    0x01, 0x00, 0x00, 0x00, 0x00, 0x00, 0x00, 0x00, 0x00, 0x00, 0x00, 0x00, 0x00, 0x00, 0x00, 0x00,
    0x66, 0xFF, 0xFF, 0x47, 0x00, 0x00, 0x00, 0x00, 0x00, 0x00, 0x00, 0x00, 0x00, 0x00, 0x00, 0x00,
    0x00, 0x00, 0x00, 0xC6, 0xD7, 0xCE, 0xC6, 0x00, 0x00, 0x00, 0x00, 0x00, 0x00, 0x00, 0x00, 0x00,
    0x00, 0x00, 0x00, 0x00, 0x00, 0x45, 0xFF, 0x6E, 0x4D, 0xFF, 0x5F, 0x00, 0x00, 0x00, 0x00, 0x00,
    0x00, 0x00, 0x00, 0x00, 0x00, 0x00, 0x00, 0x09, 0xD8, 0xE4, 0x09, 0x00, 0xB4, 0xEE, 0x1D, 0x00,
    0x00, 0x00, 0x00, 0x00, 0x00, 0x00, 0x00, 0x00, 0x00, 0x01, 0xA3, 0xFE, 0x4B, 0x00, 0x00, 0x1D,
    0xF0, 0xCD, 0x0D, 0x00, 0x00, 0x00, 0x00, 0x00, 0x00, 0x00, 0x00, 0x06, 0x9C, 0xFF, 0x8B, 0x00,
    0x00, 0x00, 0x00, 0x4C, 0xFE, 0xC8, 0x14, 0x00, 0x00, 0x00, 0x00, 0x00, 0x00, 0x2C, 0xCB, 0xFF,
    0xAC, 0x04, 0x00, 0x00, 0x00, 0x00, 0x00, 0x75, 0xFF, 0xDD, 0x37, 0x00, 0x00, 0x00, 0x2B, 0x9B,
    0xFC, 0xFF, 0x8C, 0x03, 0x00, 0x00, 0x00, 0x00, 0x00, 0x00, 0x00, 0x77, 0xFF, 0xFB, 0x8D, 0x13,
    0x11, 0xE4, 0xFF, 0xE5, 0x49, 0x00, 0x00, 0x00, 0x00, 0x00, 0x00, 0x00, 0x00, 0x00, 0x00, 0x51,
    0xF0, 0xFF, 0x74, 0x00, 0x31, 0x8D, 0x0E, 0x00, 0x00, 0x00, 0x00, 0x00, 0x00, 0x00, 0x00, 0x00,
    0x00, 0x00, 0x00, 0x19, 0x7B, 0x00, 0x00, 0x00, 0x0D, 0x06, 0x01, 0x00, 0x00, 0x00, 0x00, 0x00,
    0x00, 0x00, 0x00, 0x00, 0x00, 0x00, 0x00, 0x00, 0x00, 0x00, 0xE0, 0xFF, 0xFF, 0xFF, 0xFF, 0xFF,
    0xFF, 0xFF, 0xFF, 0xFF, 0xFF, 0xFF, 0xFF, 0xE0, 0x00, 0x00, 0x00, 0x00, 0x45, 0x46, 0x42, 0x40,
    0x40, 0x40, 0x40, 0x40, 0x40, 0x43, 0xB1, 0xFF, 0xF4, 0x86, 0x00, 0x00, 0x00, 0x00, 0x00, 0x00,
    0x00, 0x00, 0x00, 0x00, 0x00, 0x00, 0x35, 0xCD, 0xFA, 0x8E, 0x14, 0x00, 0x00, 0x00, 0x00, 0x00,
    0x00, 0x00, 0x00, 0x00, 0x00, 0x00, 0x25, 0xA7, 0xFE, 0xBB, 0x26, 0x00, 0x00, 0x00, 0x00, 0x00,
    0x00, 0x00, 0x00, 0x00, 0x00, 0x00, 0x00, 0x00, 0xD6, 0xF3, 0x61, 0x00, 0x00, 0x00, 0x00, 0x00,
    0x00, 0x00, 0x00, 0x00, 0x00, 0x00, 0x00, 0x00, 0x00, 0x00, 0xCE, 0xC8, 0x00, 0x00, 0x00, 0x00,
    0x00, 0x00, 0x00, 0x00, 0x2A, 0x25, 0x20, 0x20, 0x20, 0x20, 0x20, 0x20, 0xD0, 0xCF, 0x20, 0x20,
    0x20, 0x20, 0x20, 0x22, 0x2C, 0x3D, 0xE8, 0xFF, 0xFF, 0xFF, 0xFF, 0xFF, 0xFF, 0xFF, 0xFF, 0xFF,
    0xFF, 0xFF, 0xFF, 0xFF, 0xFF, 0xFF, 0xFF, 0xFC, 0x2B, 0x25, 0x21, 0x20, 0x20, 0x20, 0x20, 0x20,
    0xCF, 0xCF, 0x20, 0x20, 0x20, 0x20, 0x20, 0x1D, 0x18, 0x1C, 0x00, 0x00, 0x00, 0x00, 0x00, 0x00,
    0x00, 0x00, 0xC8, 0xC8, 0x00, 0x00, 0x00, 0x00, 0x00, 0x00, 0x00, 0x00, 0x00, 0x00, 0x00, 0x00,
    0x00, 0x00, 0x00, 0x00, 0xC8, 0xC8, 0x00, 0x00, 0x00, 0x00, 0x00, 0x00, 0x00, 0x00, 0x00, 0x00,
    0x00, 0x00, 0x00, 0x00, 0x00, 0x00, 0xC8, 0xC8, 0x00, 0x00, 0x00, 0x00, 0x00, 0x00, 0x00, 0x00,
    0x00, 0x00, 0x00, 0x00, 0x00, 0x00, 0x00, 0x00, 0xC8, 0xC8, 0x00, 0x00, 0x00, 0x00, 0x00, 0x00,
    0x00, 0x00, 0x00, 0x00, 0x00, 0x00, 0x00, 0x00, 0x00, 0x00, 0xC8, 0xC8, 0x00, 0x00, 0x00, 0x00,
    0x00, 0x00, 0x00, 0x00, 0x00, 0x00, 0x00, 0x00, 0x00, 0x08, 0x0F, 0x29, 0xED, 0xC3, 0x00, 0x00,
    0x00, 0x00, 0x00, 0x00, 0x00, 0x00, 0x00, 0x00, 0x00, 0x00, 0x00, 0x3C, 0xFF, 0xFF, 0xFF, 0x8F,
    0x00, 0x00, 0x00, 0x00, 0x00, 0x00, 0x00, 0x00, 0x00, 0x00, 0x00, 0x00, 0x00, 0x00, 0x9E, 0x8D,
    0x56, 0x06, 0x00, 0x00, 0x00, 0x00, 0x00, 0x00, 0x00, 0x00, 0x00, 0x00, 0x00, 0x00, 0x00, 0x00,
    0x00, 0x3F, 0x1B, 0x00, 0x00, 0x00, 0x00, 0x00, 0x00, 0x00, 0x00, 0x00, 0x00, 0x00, 0x00, 0x00,
    0x00, 0x00, 0x00, 0xD6, 0xF9, 0x2B, 0x00, 0x00, 0x00, 0x00, 0x00, 0x00, 0x00, 0x00, 0x00, 0x00,
    0x00, 0x00, 0x00, 0x00, 0x2D, 0xFF, 0x8D, 0x00, 0x00, 0x00, 0x00, 0x00, 0x00, 0x00, 0x00, 0x00,
    0x00, 0xA8, 0xB6, 0xB0, 0xAC, 0xAC, 0xD0, 0xFF, 0xBE, 0xAC, 0xAC, 0xAC, 0xAC, 0xAC, 0xAC, 0xB0,
    0xB9, 0x17, 0x00, 0xA5, 0xB3, 0xAD, 0xA8, 0xAE, 0xFF, 0xD3, 0xA8, 0xA8, 0xA8, 0xA8, 0xA8, 0xA8,
    0xA9, 0xAD, 0xB6, 0x17, 0x00, 0x00, 0x00, 0x00, 0x00, 0x76, 0xF8, 0x23, 0x00, 0x00, 0x00, 0x00,
    0x00, 0x00, 0x00, 0x00, 0x00, 0x00, 0x00, 0x00, 0x00, 0x00, 0x26, 0xF4, 0x88, 0x00, 0x00, 0x00,
    0x00, 0x00, 0x00, 0x00, 0x00, 0x00, 0x00, 0x00, 0x00, 0x00, 0x00, 0x73, 0xDE, 0xDA, 0x0A, 0x94,
    0xDD, 0xD8, 0xD8, 0xD8, 0xD8, 0xD8, 0xD8, 0xD8, 0x7C, 0x00, 0x00, 0x00, 0x01, 0xB7, 0xFD, 0x3A,
    0x00, 0x5A, 0x86, 0x7D, 0x7C, 0x7C, 0x7C, 0x9B, 0xFF, 0xFF, 0x78, 0x00, 0x00, 0x00, 0x92, 0xFF,
    0xDC, 0x00, 0x00, 0x00, 0x00, 0x00, 0x00, 0x00, 0x4A, 0xEA, 0xDC, 0x49, 0x00, 0x00, 0x03, 0x93,
    0xFF, 0xEB, 0xDC, 0x00, 0x00, 0x00, 0x00, 0x00, 0x00, 0x84, 0xFF, 0x90, 0x0A, 0x00, 0x00, 0x00,
    0xAB, 0xFF, 0x92, 0x8C, 0xDC, 0x00, 0x36, 0x30, 0x29, 0x28, 0x28, 0x9D, 0xFC, 0x28, 0x28, 0x2A,
    0x31, 0x33, 0x29, 0x7D, 0x00, 0x8C, 0xDC, 0x00, 0xF8, 0xFF, 0xFF, 0xFF, 0xFF, 0xFF, 0xFF, 0xFF,
    0xFF, 0xFF, 0xFF, 0xE8, 0x00, 0x00, 0x00, 0x8C, 0xDC, 0x00, 0x3A, 0x35, 0x2E, 0x2C, 0x2C, 0x96,
    0xFC, 0x2C, 0x2C, 0x2E, 0x36, 0x37, 0x00, 0x00, 0x00, 0x8C, 0xDC, 0x00, 0x00, 0x00, 0x00, 0x00,
    0x00, 0x80, 0xFC, 0x00, 0x00, 0x00, 0x00, 0x00, 0x00, 0x00, 0x00, 0x8C, 0xDC, 0x00, 0x00, 0x00,
    0x00, 0x00, 0x00, 0x80, 0xFC, 0x00, 0x00, 0x00, 0x00, 0x00, 0x00, 0x00, 0x00, 0x8D, 0xDE, 0x00,
    0x00, 0x00, 0x00, 0x00, 0x00, 0x83, 0xFB, 0x00, 0x00, 0x00, 0x00, 0x00, 0x00, 0x00, 0x00, 0x92,
    0xE5, 0x00, 0x00, 0x00, 0x00, 0x5A, 0x99, 0xE8, 0xEB, 0x00, 0x00, 0x00, 0x00, 0x00, 0x00, 0x00,
    0x00, 0x7C, 0xBC, 0x00, 0x00, 0x00, 0x00, 0x56, 0xFF, 0xD7, 0x5C, 0x00, 0x00, 0x00, 0x00, 0x00,
    0x00, 0x00, 0x00, 0x00, 0x00, 0x00, 0x00, 0x00, 0x00, 0x04, 0x09, 0x00, 0x00, 0x00, 0x00, 0x00,
    0x00, 0x00, 0x00, 0x00, 0x00, 0x00, 0x00, 0x00, 0x00, 0x07, 0x40, 0x10, 0x00, 0x00, 0x00, 0x00,
    0x00, 0x00, 0x00, 0x00, 0x00, 0x00, 0x00, 0x00, 0x00, 0x00, 0x00, 0x87, 0xFF, 0x6D, 0x00, 0x00,
    0x00, 0x00, 0x00, 0x00, 0x00, 0x00, 0x00, 0x00, 0x00, 0x00, 0x00, 0x00, 0x00, 0x25, 0xFF, 0xCD,
    0x00, 0x00, 0x00, 0x00, 0x00, 0x00, 0x00, 0x00, 0xA9, 0xE8, 0xE8, 0xE8, 0xE8, 0xE8, 0xE8, 0xE8,
    0xFE, 0xFF, 0xE8, 0xE8, 0xE8, 0xE8, 0xE8, 0xE8, 0xE8, 0x60, 0xB0, 0xEB, 0x44, 0x44, 0x44, 0x44,
    0x44, 0x44, 0x44, 0x44, 0x44, 0x44, 0x44, 0x44, 0x44, 0x6A, 0xFF, 0x5F, 0xB3, 0xE4, 0x00, 0x47,
    0x60, 0x5A, 0x54, 0x54, 0x54, 0x54, 0x54, 0x54, 0x5A, 0x61, 0x2F, 0x34, 0xFF, 0x64, 0x81, 0x9C,
    0x00, 0xA4, 0xE5, 0xDF, 0xD9, 0xD8, 0xF7, 0xF7, 0xD8, 0xD8, 0xDE, 0xE5, 0x6D, 0x13, 0x60, 0x29,
    0x00, 0x00, 0x00, 0x00, 0x00, 0x00, 0x00, 0x00, 0xC8, 0xC8, 0x00, 0x00, 0x00, 0x00, 0x00, 0x00,
    0x00, 0x00, 0x00, 0x00, 0x46, 0x98, 0x98, 0x98, 0x98, 0x98, 0xE9, 0xE9, 0x98, 0x98, 0x98, 0x98,
    0x98, 0x47, 0x00, 0x00, 0x00, 0x00, 0x69, 0xFF, 0xA4, 0x94, 0x94, 0x94, 0xE8, 0xE8, 0x94, 0x94,
    0x94, 0xA4, 0xFF, 0x71, 0x00, 0x00, 0x00, 0x00, 0x58, 0xFF, 0x2B, 0x04, 0x04, 0x04, 0xC8, 0xC8,
    0x04, 0x04, 0x04, 0x2B, 0xFF, 0x69, 0x00, 0x00, 0x00, 0x00, 0x54, 0xFF, 0xFF, 0xFF, 0xFF, 0xFF,
    0xFF, 0xFF, 0xFF, 0xFF, 0xFF, 0xFF, 0xFF, 0x68, 0x00, 0x00, 0x00, 0x00, 0x56, 0xFF, 0x5A, 0x3C,
    0x3C, 0x3C, 0xD5, 0xD5, 0x3C, 0x3C, 0x3C, 0x5A, 0xFF, 0x69, 0x00, 0x00, 0x00, 0x00, 0x66, 0xFF,
    0x75, 0x5C, 0x5C, 0x5C, 0xDC, 0xDC, 0x5C, 0x5C, 0x5C, 0x75, 0xFF, 0x70, 0x00, 0x00, 0x00, 0x00,
    0x5F, 0xD0, 0xD0, 0xD0, 0xD0, 0xD0, 0xD0, 0xD0, 0xD0, 0xD0, 0xD0, 0xD0, 0xD0, 0x61, 0x00, 0x00,
    0x00, 0x00, 0x00, 0x00, 0x0E, 0x9A, 0x71, 0x00, 0x00, 0x00, 0x00, 0x55, 0xC3, 0x43, 0x00, 0x00,
    0x00, 0x00, 0x00, 0x00, 0x00, 0x50, 0xE3, 0xF5, 0x7F, 0x02, 0x00, 0x00, 0x00, 0x4E, 0xCA, 0xFF,
    0xC3, 0x43, 0x00, 0x00, 0x00, 0x44, 0xC8, 0xFE, 0xA3, 0x1C, 0x00, 0x00, 0x00, 0x00, 0x00, 0x00,
    0x00, 0x39, 0xC2, 0xFF, 0xC2, 0x0F, 0x00, 0x90, 0xBD, 0x31, 0x00, 0x00, 0x00, 0x00, 0x00, 0x00,
    0x00, 0x00, 0x00, 0x00, 0x00, 0x5E, 0x80, 0x00, 0x00, 0x00, 0x00, 0x00, 0x00, 0x00, 0x00, 0x00,
    0x00, 0x0F, 0x1A, 0x00, 0x00, 0x00, 0x00, 0x00, 0x00, 0x00, 0x00, 0x00, 0x00, 0x00, 0x00, 0x00,
    0x00, 0x00, 0x00, 0x00, 0x51, 0xFE, 0xA9, 0x00, 0x00, 0x00, 0x00, 0x00, 0x00, 0x00, 0x00, 0x00,
    0x00, 0x43, 0x74, 0x74, 0x74, 0x74, 0x74, 0x74, 0x83, 0xFF, 0xED, 0x74, 0x74, 0x74, 0x74, 0x74,
    0x74, 0x74, 0x43, 0x00, 0x00, 0x8C, 0xFF, 0xBB, 0xB8, 0xB8, 0xB8, 0xB8, 0xB8, 0xB8, 0xB8, 0xB8,
    0xB8, 0xB8, 0xB8, 0xB8, 0xBB, 0xFF, 0x8C, 0x00, 0x00, 0x89, 0xFF, 0x0C, 0x00, 0x00, 0x5F, 0x8B,
    0x00, 0x00, 0x00, 0x53, 0xA8, 0x11, 0x00, 0x00, 0x0C, 0xFF, 0x88, 0x00, 0x00, 0x6E, 0xC0, 0x31,
    0x7C, 0x7C, 0xCB, 0xF2, 0x7C, 0x7C, 0x7C, 0xB8, 0xFF, 0x84, 0x7C, 0x7C, 0x14, 0xC0, 0x6E, 0x00,
    0x00, 0x00, 0x00, 0x3F, 0xBC, 0xB3, 0xDF, 0xF7, 0xB0, 0xB0, 0xB0, 0xD3, 0xFF, 0xB7, 0xBA, 0xC0,
    0x12, 0x00, 0x00, 0x00, 0x00, 0x00, 0x00, 0x00, 0x00, 0x00, 0x98, 0xE4, 0x00, 0x00, 0x00, 0x70,
    0xFF, 0x0C, 0x00, 0x00, 0x00, 0x00, 0x00, 0x00, 0x00, 0x00, 0x00, 0xEA, 0xEC, 0xE8, 0xF6, 0xFD,
    0xE8, 0xE8, 0xE8, 0xF2, 0xFF, 0xE9, 0xEC, 0xF2, 0xEC, 0x00, 0x00, 0x00, 0x00, 0x00, 0x00, 0x3B,
    0x34, 0x30, 0xAB, 0xE9, 0x30, 0x30, 0x30, 0x8B, 0xFF, 0x39, 0x34, 0x3B, 0x3D, 0x00, 0x00, 0x00,
    0x00, 0x74, 0x86, 0x7F, 0x7C, 0x7C, 0xCA, 0xF1, 0x7C, 0x7C, 0x7C, 0xB5, 0xFF, 0x82, 0x7C, 0x7C,
    0x7E, 0x85, 0x53, 0x00, 0x00, 0xA0, 0xBB, 0xB4, 0xB0, 0xB0, 0xF3, 0xFF, 0xB5, 0xB0, 0xB0, 0xB0,
    0xF3, 0xE9, 0xB0, 0xB0, 0xB5, 0xBC, 0x73, 0x00, 0x00, 0x00, 0x00, 0x00, 0x07, 0x91, 0xFF, 0x73,
    0x12, 0x10, 0x00, 0x00, 0x54, 0xFC, 0x83, 0x09, 0x00, 0x00, 0x00, 0x00, 0x00, 0x00, 0x03, 0x58,
    0xDB, 0xF4, 0x58, 0x00, 0xAA, 0xF6, 0xA2, 0x3C, 0x00, 0x55, 0xF0, 0xEC, 0x95, 0x53, 0x33, 0x03,
    0x08, 0x84, 0xE1, 0xFF, 0xB8, 0x24, 0x00, 0x00, 0x22, 0x83, 0xE3, 0xFF, 0xB1, 0x00, 0x1A, 0x8F,
    0xF4, 0xFF, 0xBF, 0x00, 0x00, 0x8D, 0xC3, 0x44, 0x00, 0x00, 0x2C, 0xA6, 0x56, 0x0D, 0x05, 0x5D,
    0x40, 0x00, 0x00, 0x00, 0x0C, 0x5B, 0x31, 0x00, 0x00, 0x01, 0x00, 0x00, 0x00, 0x00, 0x5C, 0xD4,
    0xFF, 0xF8, 0xB2, 0x5E, 0x0E, 0x00, 0x00, 0x00, 0x00, 0x00, 0x00, 0x00, 0x00, 0x00, 0x00, 0x00,
    0x00, 0x00, 0x00, 0x00, 0x26, 0x84, 0xE5, 0xFF, 0xF7, 0x9C, 0x00, 0x00, 0x00, 0x00, 0x00, 0x00,
    0x00, 0x00, 0x00, 0x00, 0x00, 0x00, 0x00, 0x00, 0x00, 0x00, 0x04, 0x52, 0xBB, 0x5F, 0x00, 0x00,
    0x00, 0x00, 0x00, 0x00, 0x00, 0x00, 0x00, 0x00, 0x00, 0x00, 0x00, 0x00, 0x12, 0x16, 0x00, 0x00,
    0x00, 0x00, 0x00, 0x00, 0x00, 0x00, 0x00, 0x00, 0x00, 0x00, 0x00, 0x00, 0x00, 0x00, 0xC4, 0xE8,
    0x00, 0x00, 0x00, 0x00, 0x00, 0x00, 0x00, 0x00, 0x00, 0x00, 0x00, 0x00, 0x00, 0x00, 0x00, 0x00,
    0xBD, 0xDF, 0x00, 0x00, 0x00, 0x00, 0x00, 0x00, 0x00, 0x00, 0x00, 0x00, 0x00, 0x00, 0x00, 0x00,
    0x00, 0x00, 0xB6, 0xDC, 0x00, 0x00, 0x00, 0x00, 0x00, 0x00, 0x00, 0x00, 0x00, 0x00, 0x00, 0x00,
    0x00, 0x00, 0x00, 0x00, 0xB4, 0xDC, 0x00, 0x00, 0x00, 0x00, 0x00, 0x00, 0x00, 0x00, 0x00, 0x00,
    0x00, 0x09, 0x00, 0x00, 0x00, 0x00, 0xB4, 0xDC, 0x00, 0x00, 0x00, 0x11, 0x00, 0x00, 0x00, 0x00,
    0x00, 0x00, 0x00, 0x7B, 0xDB, 0x41, 0x00, 0x00, 0xB4, 0xDC, 0x00, 0x00, 0x76, 0xED, 0x13, 0x00,
    0x00, 0x00, 0x00, 0x00, 0x00, 0xC5, 0xFC, 0x17, 0x00, 0x00, 0xB4, 0xDC, 0x00, 0x00, 0x4D, 0xFF,
    0x8E, 0x00, 0x00, 0x00, 0x00, 0x00, 0x18, 0xFD, 0xB6, 0x00, 0x00, 0x00, 0xB4, 0xDC, 0x00, 0x00,
    0x00, 0xBE, 0xF9, 0x1F, 0x00, 0x00, 0x00, 0x00, 0x6F, 0xFF, 0x58, 0x00, 0x00, 0x00, 0xB4, 0xDC,
    0x00, 0x00, 0x00, 0x39, 0xFF, 0x9B, 0x00, 0x00, 0x00, 0x00, 0xD4, 0xF1, 0x09, 0x00, 0x00, 0x00,
    0xB4, 0xDC, 0x00, 0x00, 0x00, 0x00, 0xB8, 0xFB, 0x21, 0x00, 0x00, 0x3D, 0xFF, 0x9A, 0x00, 0x00,
    0x00, 0x00, 0xB4, 0xDC, 0x00, 0x00, 0x00, 0x00, 0x43, 0xFF, 0x94, 0x00, 0x00, 0xBC, 0xFF, 0x34,
    0x00, 0x00, 0x00, 0x00, 0xB4, 0xDC, 0x00, 0x00, 0x00, 0x00, 0x00, 0xD3, 0xF5, 0x0E, 0x37, 0xFF,
    0xC6, 0x00, 0x00, 0x00, 0x00, 0x00, 0xB4, 0xDC, 0x00, 0x00, 0x00, 0x00, 0x00, 0x70, 0xBA, 0x22,
    0x00, 0x3C, 0x3B, 0x00, 0x00, 0x00, 0x00, 0x00, 0xB4, 0xDC, 0x00, 0x00, 0x00, 0x00, 0x00, 0x03,
    0x00, 0x00, 0x00, 0x00, 0x00, 0x00, 0x00, 0x00, 0x00, 0x00, 0xB4, 0xDC, 0x00, 0x00, 0x00, 0x00,
    0x00, 0x00, 0x00, 0x00, 0x00, 0x00, 0x00, 0x00, 0x00, 0x00, 0x00, 0x02, 0xCE, 0xD8, 0x00, 0x00,
    0x00, 0x00, 0x00, 0x00, 0x00, 0x00, 0x00, 0x00, 0x00, 0x00, 0x00, 0x13, 0xE4, 0xF7, 0xFF, 0xAF,
    0x00, 0x00, 0x00, 0x00, 0x00, 0x00, 0x00, 0x00, 0x00, 0x00, 0x00, 0x00, 0x00, 0x00, 0x98, 0xBF,
    0x87, 0x18, 0x00, 0x00, 0x00, 0x00, 0x00, 0x00, 0x00, 0x00, 0x08, 0x0B, 0x04, 0x00, 0x00, 0x00,
    0x00, 0x00, 0x00, 0x00, 0x00, 0x00, 0x00, 0x00, 0x00, 0x00, 0x00, 0x80, 0xFF, 0xFF, 0xFF, 0xFF,
    0xFF, 0xFF, 0xFF, 0xFF, 0xFF, 0xFF, 0xFF, 0xFF, 0xFF, 0x64, 0x00, 0x00, 0x47, 0x88, 0x80, 0x7D,
    0x7C, 0x7C, 0x7C, 0x7C, 0x7C, 0x7C, 0x7C, 0x7C, 0xAF, 0xFF, 0x5D, 0x00, 0x00, 0x00, 0x00, 0x00,
    0x00, 0x00, 0x00, 0x00, 0x00, 0x00, 0x00, 0x00, 0x00, 0x64, 0xFF, 0x56, 0x00, 0x00, 0x00, 0x00,
    0x00, 0x00, 0x00, 0x00, 0x00, 0x00, 0x00, 0x00, 0x00, 0x00, 0x64, 0xFF, 0x54, 0x00, 0x00, 0x00,
    0x00, 0x00, 0x00, 0x00, 0x00, 0x00, 0x00, 0x00, 0x00, 0x00, 0x00, 0x64, 0xFF, 0x54, 0x00, 0x00,
    0x00, 0x00, 0x00, 0x00, 0x00, 0x00, 0x00, 0x00, 0x00, 0x00, 0x00, 0x00, 0x64, 0xFF, 0x54, 0x00,
    0x00, 0x29, 0xE8, 0xE8, 0xE8, 0xE8, 0xE8, 0xE8, 0xE8, 0xE8, 0xE8, 0xE8, 0xE8, 0xF1, 0xFF, 0x55,
    0x00, 0x00, 0x27, 0xFF, 0xCD, 0x94, 0x94, 0x94, 0x94, 0x94, 0x94, 0x94, 0x94, 0x94, 0xBE, 0xFF,
    0x5A, 0x00, 0x00, 0x20, 0xFF, 0x88, 0x00, 0x00, 0x00, 0x00, 0x00, 0x00, 0x00, 0x00, 0x00, 0x62,
    0xFC, 0x61, 0x00, 0x00, 0x1C, 0xFF, 0x88, 0x00, 0x00, 0x00, 0x00, 0x00, 0x00, 0x00, 0x00, 0x00,
    0x00, 0x00, 0x00, 0x00, 0x00, 0x1C, 0xFF, 0x88, 0x00, 0x00, 0x00, 0x00, 0x00, 0x00, 0x00, 0x00,
    0x00, 0x00, 0x00, 0x00, 0x00, 0x00, 0x1C, 0xFF, 0x88, 0x00, 0x00, 0x00, 0x00, 0x00, 0x00, 0x00,
    0x00, 0x00, 0x00, 0x00, 0x0A, 0x01, 0x00, 0x1C, 0xFF, 0x88, 0x00, 0x00, 0x00, 0x00, 0x00, 0x00,
    0x00, 0x00, 0x00, 0x00, 0x00, 0x5F, 0xD2, 0x56, 0x1C, 0xFF, 0x89, 0x00, 0x00, 0x00, 0x00, 0x00,
    0x00, 0x00, 0x00, 0x00, 0x00, 0x00, 0x96, 0xFF, 0x7D, 0x1A, 0xFF, 0xC9, 0x32, 0x23, 0x1A, 0x11,
    0x08, 0x02, 0x08, 0x11, 0x1A, 0x23, 0x4E, 0xF3, 0xFB, 0x1F, 0x02, 0xE1, 0xFF, 0xFF, 0xFF, 0xFF,
    0xFF, 0xFF, 0xFF, 0xFF, 0xFF, 0xFF, 0xFF, 0xFF, 0xFC, 0x73, 0x00, 0x00, 0x12, 0x4C, 0x58, 0x5E,
    0x63, 0x69, 0x6F, 0x70, 0x6B, 0x65, 0x5F, 0x5A, 0x4F, 0x1F, 0x00, 0x00, 0x3C, 0xB0, 0xB0, 0xB0,
    0xB0, 0xB0, 0xB0, 0xB0, 0xB0, 0xB0, 0xB0, 0xB0, 0xB0, 0xAF, 0x00, 0x00, 0x00, 0x58, 0xFF, 0xDB,
    0xCC, 0xCC, 0xCC, 0xCC, 0xCC, 0xCC, 0xCC, 0xCC, 0xCC, 0xF0, 0xF8, 0x00, 0x00, 0x00, 0x58, 0xFF,
    0x4C, 0x00, 0x00, 0x00, 0x00, 0x00, 0x00, 0x00, 0x00, 0x00, 0xB4, 0xF3, 0x00, 0x00, 0x00, 0x58,
    0xFF, 0x4C, 0x00, 0x00, 0x00, 0x00, 0x00, 0x00, 0x00, 0x00, 0x00, 0xB4, 0xF0, 0x00, 0x00, 0x00,
    0x58, 0xFF, 0x4C, 0x00, 0x00, 0x00, 0x00, 0x00, 0x00, 0x00, 0x00, 0x00, 0xB4, 0xF0, 0x00, 0x00,
    0x00, 0x58, 0xFF, 0x4C, 0x00, 0x00, 0x00, 0x00, 0x00, 0x00, 0x00, 0x00, 0x00, 0xB4, 0xF0, 0x00,
    0x00, 0x00, 0x58, 0xFF, 0xA8, 0x84, 0x84, 0x84, 0x84, 0x84, 0x84, 0x84, 0x84, 0x84, 0xDB, 0xF2,
    0x00, 0x00, 0x00, 0x58, 0xFF, 0xDE, 0xD0, 0xD0, 0xD0, 0xD0, 0xD0, 0xD0, 0xD0, 0xD0, 0xD0, 0xF1,
    0xF6, 0x00, 0x00, 0x00, 0x58, 0xFF, 0x4C, 0x00, 0x00, 0x00, 0x00, 0x00, 0x00, 0x00, 0x00, 0x00,
    0xB4, 0xFD, 0x00, 0x00, 0x00, 0x58, 0xFF, 0x4C, 0x00, 0x00, 0x00, 0x00, 0x00, 0x00, 0x00, 0x00,
    0x00, 0x0B, 0x10, 0x00, 0x00, 0x00, 0x58, 0xFF, 0x4C, 0x00, 0x00, 0x00, 0x00, 0x00, 0x00, 0x00,
    0x00, 0x00, 0x00, 0x00, 0x00, 0x00, 0x00, 0x58, 0xFF, 0x4C, 0x00, 0x00, 0x00, 0x00, 0x00, 0x00,
    0x00, 0x00, 0x00, 0x00, 0x00, 0x00, 0x00, 0x00, 0x58, 0xFF, 0x4C, 0x00, 0x00, 0x00, 0x00, 0x00,
    0x00, 0x00, 0x00, 0x00, 0x00, 0x00, 0x3C, 0x62, 0x09, 0x58, 0xFF, 0x4F, 0x00, 0x00, 0x00, 0x00,
    0x00, 0x00, 0x00, 0x00, 0x00, 0x00, 0x00, 0x74, 0xFF, 0x6E, 0x42, 0xFF, 0xBB, 0x52, 0x50, 0x50,
    0x50, 0x50, 0x50, 0x50, 0x50, 0x50, 0x51, 0x6E, 0xE6, 0xF6, 0x14, 0x04, 0xAE, 0xFF, 0xFF, 0xFF,
    0xFF, 0xFF, 0xFF, 0xFF, 0xFF, 0xFF, 0xFF, 0xFF, 0xFF, 0xEE, 0x61, 0x00, 0x00, 0x00, 0x0B, 0x17,
    0x18, 0x18, 0x18, 0x18, 0x18, 0x18, 0x18, 0x18, 0x18, 0x14, 0x01, 0x00, 0x00, 0x00, 0x00, 0x00,
    0x00, 0x00, 0x10, 0x4D, 0x07, 0x00, 0x00, 0x00, 0x00, 0x00, 0x00, 0x00, 0x00, 0x00, 0x00, 0x00,
    0x00, 0x00, 0x00, 0x00, 0x00, 0x00, 0x65, 0xFF, 0xCA, 0x03, 0x00, 0x00, 0x00, 0x00, 0x00, 0x00,
    0x00, 0x00, 0x00, 0x00, 0x00, 0x00, 0x00, 0x00, 0x00, 0x06, 0xDE, 0xFB, 0x2E, 0x00, 0x00, 0x00,
    0x00, 0x00, 0x00, 0x00, 0x00, 0x00, 0x00, 0x00, 0x00, 0x00, 0x00, 0x00, 0x00, 0x7A, 0xFF, 0xDB,
    0x84, 0x84, 0x84, 0x84, 0x84, 0x84, 0x84, 0x84, 0x89, 0x8F, 0x90, 0x00, 0x00, 0x00, 0x00, 0x00,
    0x2D, 0xF8, 0xE9, 0xA8, 0xA8, 0xA8, 0xA8, 0xE4, 0xF5, 0xA8, 0xA8, 0xA9, 0xAE, 0xB4, 0xB3, 0x00,
    0x00, 0x00, 0x00, 0x08, 0xD3, 0xFF, 0x48, 0x00, 0x00, 0x00, 0x00, 0xB0, 0xE0, 0x00, 0x00, 0x00,
    0x00, 0x00, 0x00, 0x00, 0x00, 0x00, 0x01, 0xA7, 0xFF, 0x96, 0x00, 0x00, 0x00, 0x00, 0x00, 0xB0,
    0xE0, 0x00, 0x00, 0x00, 0x00, 0x00, 0x00, 0x00, 0x00, 0x00, 0x89, 0xFF, 0xCE, 0x1C, 0x24, 0x24,
    0x24, 0x24, 0x24, 0xBB, 0xE4, 0x25, 0x26, 0x28, 0x2E, 0x34, 0x06, 0x00, 0x00, 0x00, 0x09, 0x74,
    0x21, 0x86, 0xFF, 0xFF, 0xFF, 0xFF, 0xFF, 0xFF, 0xFF, 0xFF, 0xFF, 0xFF, 0xFF, 0xFF, 0x1C, 0x00,
    0x00, 0x00, 0x00, 0x00, 0x00, 0x7F, 0xFF, 0x0B, 0x08, 0x08, 0x08, 0xB2, 0xE1, 0x0A, 0x0B, 0x0D,
    0x13, 0x19, 0x03, 0x00, 0x00, 0x00, 0x00, 0x00, 0x00, 0x7C, 0xFF, 0x04, 0x00, 0x00, 0x00, 0xB0,
    0xE0, 0x00, 0x00, 0x00, 0x00, 0x00, 0x00, 0x00, 0x00, 0x00, 0x00, 0x00, 0x00, 0x79, 0xFF, 0x04,
    0x00, 0x00, 0x00, 0xB0, 0xE0, 0x00, 0x00, 0x00, 0x00, 0x00, 0x00, 0x00, 0x00, 0x0D, 0x5C, 0x56,
    0x51, 0xA1, 0xFF, 0x4E, 0x4C, 0x4C, 0x4C, 0xC7, 0xE9, 0x4C, 0x4C, 0x4C, 0x4C, 0x4F, 0x56, 0x5C,
    0x05, 0x22, 0xF1, 0xEC, 0xE7, 0xE3, 0xE0, 0xE0, 0xE0, 0xE0, 0xE0, 0xF6, 0xFC, 0xE0, 0xE0, 0xE0,
    0xE0, 0xE2, 0xE5, 0xEF, 0x0F, 0x00, 0x00, 0x00, 0x00, 0x00, 0x00, 0x00, 0x00, 0x00, 0x00, 0xB0,
    0xE0, 0x00, 0x00, 0x00, 0x00, 0x00, 0x00, 0x00, 0x00, 0x00, 0x00, 0x00, 0x00, 0x00, 0x00, 0x00,
    0x00, 0x00, 0x00, 0xB0, 0xE0, 0x00, 0x00, 0x00, 0x00, 0x00, 0x00, 0x00, 0x00, 0x00, 0x00, 0x00,
    0x00, 0x00, 0x00, 0x00, 0x00, 0x00, 0x00, 0xB5, 0xE1, 0x00, 0x00, 0x00, 0x00, 0x00, 0x00, 0x00,
    0x00, 0x00, 0x00, 0x00, 0x00, 0x00, 0x00, 0x00, 0x00, 0x00, 0x00, 0xBB, 0xE6, 0x00, 0x00, 0x00,
    0x00, 0x00, 0x00, 0x00, 0x00, 0x00, 0x00, 0x00, 0x00, 0x00, 0x00, 0x00, 0x00, 0x00, 0x00, 0xB7,
    0xE3, 0x00, 0x00, 0x00, 0x00, 0x00, 0x00, 0x00, 0x00, 0x00, 0x00, 0x00, 0x00, 0x00, 0x00, 0x00,
    0x00, 0x00, 0x06, 0x3B, 0x2A, 0x00, 0x00, 0x00, 0x00, 0x00, 0x00, 0x00, 0x00, 0x00, 0x00, 0x00,
    0x00, 0x00, 0x00, 0x00, 0x00, 0x1E, 0xFF, 0x97, 0x00, 0x00, 0x00, 0x00, 0x00, 0x00, 0x00, 0x00,
    0x00, 0x00, 0x61, 0x88, 0x88, 0x88, 0x88, 0x88, 0x88, 0xFC, 0xE1, 0x88, 0x88, 0x88, 0x88, 0x8F,
    0x97, 0x13, 0x00, 0x00, 0x00, 0xB8, 0xEF, 0xB8, 0xB8, 0xB8, 0xB8, 0xB8, 0xB8, 0xB8, 0xB8, 0xB8,
    0xB8, 0xB8, 0xC0, 0xC8, 0x19, 0x00, 0x00, 0x00, 0xB8, 0xC4, 0x00, 0x00, 0x00, 0x00, 0x00, 0xBF,
    0x70, 0x00, 0x00, 0x00, 0x00, 0x00, 0x00, 0x00, 0x00, 0x00, 0x00, 0xB8, 0xC4, 0x00, 0x42, 0x5B,
    0x56, 0x54, 0xF2, 0xAA, 0x54, 0x54, 0x54, 0x54, 0x41, 0x00, 0x00, 0x00, 0x00, 0x00, 0xB8, 0xC4,
    0x00, 0xA9, 0xF4, 0xEF, 0xED, 0xFE, 0xF5, 0xEC, 0xEC, 0xEC, 0xF9, 0xC0, 0x00, 0x00, 0x00, 0x00,
    0x00, 0xB8, 0xC4, 0x00, 0x00, 0x00, 0x00, 0x00, 0xEC, 0x7C, 0x00, 0x00, 0x00, 0xB0, 0xBA, 0x00,
    0x00, 0x00, 0x00, 0x00, 0xB8, 0xC3, 0x39, 0x3D, 0x35, 0x34, 0x34, 0xF0, 0x96, 0x34, 0x34, 0x34,
    0xC0, 0xC6, 0x3A, 0x42, 0x00, 0x00, 0x00, 0xC7, 0xB5, 0xD8, 0xFF, 0xFF, 0xFF, 0xFF, 0xFF, 0xFF,
    0xFF, 0xFF, 0xFF, 0xFF, 0xFF, 0xFF, 0xFC, 0x00, 0x00, 0x00, 0xDA, 0xA1, 0x18, 0x16, 0x0D, 0x0C,
    0x0C, 0xEC, 0x82, 0x0C, 0x0C, 0x0C, 0xB3, 0xBE, 0x13, 0x1B, 0x00, 0x00, 0x00, 0xEF, 0x85, 0x00,
    0x49, 0x42, 0x3D, 0x3C, 0xF0, 0x9A, 0x3C, 0x3C, 0x3C, 0xC2, 0xC1, 0x00, 0x00, 0x00, 0x00, 0x1E,
    0xFF, 0x64, 0x00, 0xFC, 0xFF, 0xFF, 0xFF, 0xFF, 0xFF, 0xFF, 0xFF, 0xFF, 0xFF, 0xC8, 0x00, 0x00,
    0x00, 0x00, 0x4F, 0xFF, 0x39, 0x00, 0x12, 0x0A, 0x07, 0x59, 0xFF, 0xEF, 0x98, 0x04, 0x04, 0x04,
    0x03, 0x00, 0x00, 0x00, 0x00, 0x9A, 0xF9, 0x08, 0x00, 0x00, 0x00, 0x08, 0xD7, 0xBE, 0x5C, 0xFE,
    0x51, 0x00, 0x00, 0x00, 0x00, 0x00, 0x00, 0x07, 0xEF, 0xB6, 0x00, 0x00, 0x00, 0x05, 0xB4, 0xF9,
    0x35, 0x00, 0xAF, 0xFD, 0x7A, 0x08, 0x00, 0x00, 0x00, 0x00, 0x70, 0xFF, 0x62, 0x00, 0x00, 0x36,
    0xCE, 0xFE, 0x62, 0x00, 0x00, 0x09, 0xB3, 0xFF, 0xE7, 0x82, 0x3D, 0x06, 0x0D, 0xEE, 0xEE, 0x0C,
    0x30, 0xC4, 0xFF, 0xEF, 0x55, 0x00, 0x00, 0x00, 0x00, 0x01, 0x5E, 0xE3, 0xFF, 0xFA, 0x29, 0x00,
    0x36, 0x6C, 0x00, 0x03, 0xBC, 0x94, 0x16, 0x00, 0x00, 0x00, 0x00, 0x00, 0x00, 0x00, 0x07, 0x5B,
    0x6B, 0x00, 0x00, 0x00, 0x00, 0x00, 0x01, 0x04, 0x00, 0x00, 0x00, 0x00, 0x00, 0x00, 0x04, 0x02,
    0x00, 0x00, 0x00, 0x00, 0x00, 0x00, 0x00, 0x00, 0x72, 0xFF, 0x2C, 0x00, 0x00, 0x00, 0x00, 0x1A,
    0xFF, 0x85, 0x00, 0x00, 0x00, 0x00, 0x00, 0x00, 0x00, 0x00, 0x6F, 0xFF, 0x27, 0x00, 0x00, 0x00,
    0x00, 0x17, 0xFF, 0x82, 0x00, 0x00, 0x00, 0x00, 0x00, 0x00, 0x00, 0x00, 0x6B, 0xFF, 0x21, 0x00,
    0x00, 0x00, 0x00, 0x13, 0xFF, 0x7E, 0x00, 0x00, 0x00, 0x00, 0x00, 0x00, 0x00, 0x00, 0x68, 0xFF,
    0x1F, 0x00, 0x00, 0x00, 0x00, 0x10, 0xFF, 0x7B, 0x00, 0x00, 0x00, 0x00, 0x00, 0x00, 0x00, 0x00,
    0x64, 0xFF, 0x1D, 0x00, 0x00, 0x00, 0x00, 0x0C, 0xFF, 0x77, 0x00, 0x00, 0x00, 0x00, 0x7A, 0x7F,
    0x7A, 0x78, 0xAB, 0xFF, 0x86, 0x78, 0x78, 0x78, 0x78, 0x7C, 0xFF, 0xB5, 0x78, 0x7A, 0x7E, 0x84,
    0xD5, 0xE4, 0xE0, 0xDD, 0xE9, 0xFF, 0xDF, 0xDC, 0xDC, 0xDC, 0xDC, 0xDD, 0xFF, 0xEC, 0xDD, 0xE0,
    0xE3, 0xE7, 0x00, 0x00, 0x00, 0x00, 0x60, 0xFF, 0x1C, 0x00, 0x00, 0x00, 0x00, 0x08, 0xFF, 0x74,
    0x00, 0x00, 0x00, 0x00, 0x00, 0x00, 0x00, 0x00, 0x60, 0xFF, 0x1C, 0x00, 0x00, 0x00, 0x00, 0x08,
    0xFF, 0x74, 0x00, 0x00, 0x00, 0x00, 0x00, 0x00, 0x00, 0x00, 0x60, 0xFF, 0x1C, 0x00, 0x00, 0x00,
    0x00, 0x08, 0xFF, 0x74, 0x00, 0x00, 0x00, 0x00, 0x00, 0x00, 0x00, 0x00, 0x60, 0xFF, 0x1C, 0x00,
    0x00, 0x00, 0x00, 0x08, 0xFF, 0x74, 0x00, 0x00, 0x00, 0x00, 0x00, 0x00, 0x00, 0x00, 0x60, 0xFF,
    0x1C, 0x00, 0x00, 0x00, 0x00, 0x08, 0xFF, 0x74, 0x00, 0x00, 0x00, 0x00, 0x00, 0x00, 0x00, 0x00,
    0x60, 0xFF, 0x1C, 0x00, 0x00, 0x00, 0x00, 0x08, 0xFF, 0x74, 0x00, 0x00, 0x00, 0x00, 0x00, 0x00,
    0x00, 0x00, 0x61, 0xFF, 0x6A, 0x58, 0x58, 0x58, 0x58, 0x5D, 0xFF, 0x74, 0x00, 0x00, 0x00, 0x00,
    0x00, 0x00, 0x00, 0x00, 0x66, 0xFF, 0xFC, 0xFC, 0xFC, 0xFC, 0xFC, 0xFC, 0xFF, 0x76, 0x00, 0x00,
    0x00, 0x00, 0x00, 0x00, 0x00, 0x00, 0x6B, 0xFF, 0x1C, 0x00, 0x00, 0x00, 0x00, 0x08, 0xFF, 0x7A,
    0x00, 0x00, 0x00, 0x00, 0x00, 0x00, 0x00, 0x00, 0x6F, 0xFF, 0x1C, 0x00, 0x00, 0x00, 0x00, 0x08,
    0xFF, 0x81, 0x00, 0x00, 0x00, 0x00, 0x00, 0x00, 0x00, 0x00, 0x40, 0x90, 0x0F, 0x00, 0x00, 0x00,
    0x00, 0x02, 0x54, 0x2C, 0x00, 0x00, 0x00, 0x00, 0x00, 0x30, 0x5B, 0x54, 0x51, 0x50, 0x50, 0x50,
    0x50, 0x50, 0x50, 0x50, 0x50, 0x50, 0x55, 0x5B, 0x56, 0x00, 0x00, 0x80, 0xFF, 0xFF, 0xFF, 0xFF,
    0xFF, 0xFF, 0xFF, 0xFF, 0xFF, 0xFF, 0xFF, 0xFF, 0xFF, 0xFF, 0xE4, 0x00, 0x00, 0x15, 0x25, 0x1E,
    0x1B, 0x35, 0xFF, 0x8F, 0x18, 0x18, 0x18, 0x9E, 0xFF, 0x27, 0x1C, 0x20, 0x24, 0x00, 0x00, 0x00,
    0x00, 0x00, 0x00, 0x20, 0xFF, 0x84, 0x00, 0x00, 0x00, 0x94, 0xFF, 0x10, 0x00, 0x00, 0x00, 0x00,
    0x00, 0x00, 0x00, 0x00, 0x00, 0x20, 0xFF, 0x84, 0x00, 0x00, 0x00, 0x94, 0xFF, 0x10, 0x00, 0x00,
    0x00, 0x00, 0x00, 0x00, 0x00, 0x00, 0x00, 0x20, 0xFF, 0x84, 0x00, 0x00, 0x00, 0x94, 0xFF, 0x10,
    0x00, 0x00, 0x00, 0x00, 0x00, 0x00, 0x00, 0x00, 0x00, 0x20, 0xFF, 0x84, 0x00, 0x00, 0x00, 0x94,
    0xFF, 0x10, 0x00, 0x00, 0x00, 0x00, 0x2C, 0x2C, 0x27, 0x22, 0x20, 0x3C, 0xFF, 0x93, 0x20, 0x20,
    0x20, 0xA1, 0xFF, 0x2E, 0x20, 0x25, 0x2B, 0x2C, 0xE8, 0xFF, 0xFF, 0xFF, 0xFF, 0xFF, 0xFF, 0xFF,
    0xFF, 0xFF, 0xFF, 0xFF, 0xFF, 0xFF, 0xFF, 0xFF, 0xFF, 0xE8, 0x5F, 0x5B, 0x4B, 0x3C, 0x34, 0x6A,
    0xFF, 0x8A, 0x34, 0x34, 0x34, 0xA9, 0xFF, 0x40, 0x35, 0x40, 0x4C, 0x4E, 0x00, 0x00, 0x00, 0x00,
    0x00, 0x6E, 0xFF, 0x39, 0x00, 0x00, 0x00, 0x94, 0xFF, 0x10, 0x00, 0x00, 0x00, 0x00, 0x00, 0x00,
    0x00, 0x00, 0x00, 0xC1, 0xF8, 0x07, 0x00, 0x00, 0x00, 0x94, 0xFF, 0x10, 0x00, 0x00, 0x00, 0x00,
    0x00, 0x00, 0x00, 0x00, 0x33, 0xFE, 0xAF, 0x00, 0x00, 0x00, 0x00, 0x94, 0xFF, 0x10, 0x00, 0x00,
    0x00, 0x00, 0x00, 0x00, 0x00, 0x03, 0xC3, 0xFF, 0x40, 0x00, 0x00, 0x00, 0x00, 0x94, 0xFF, 0x10,
    0x00, 0x00, 0x00, 0x00, 0x00, 0x00, 0x00, 0x95, 0xFF, 0xAD, 0x00, 0x00, 0x00, 0x00, 0x00, 0x97,
    0xFF, 0x12, 0x00, 0x00, 0x00, 0x00, 0x00, 0x12, 0xAB, 0xFF, 0xD8, 0x12, 0x00, 0x00, 0x00, 0x00,
    0x00, 0x99, 0xFF, 0x15, 0x00, 0x00, 0x00, 0x00, 0x1B, 0xE1, 0xFF, 0xD5, 0x1A, 0x00, 0x00, 0x00,
    0x00, 0x00, 0x00, 0xA0, 0xFF, 0x1B, 0x00, 0x00, 0x00, 0x00, 0x00, 0x1A, 0x95, 0x10, 0x00, 0x00,
    0x00, 0x00, 0x00, 0x00, 0x00, 0x83, 0xCC, 0x1A, 0x00, 0x00, 0x00, 0x00, 0x00, 0x00, 0x00, 0x00,
    0x00, 0x00, 0x00, 0x00, 0x00, 0x00, 0x00, 0x04, 0x51, 0x24, 0x00, 0x00, 0x00, 0x00, 0x00, 0x00,
    0x00, 0x00, 0x00, 0x6C, 0xC8, 0x0C, 0x00, 0x00, 0x00, 0x00, 0x00, 0x11, 0xEE, 0xA6, 0x00, 0x00,
    0x00, 0x00, 0x00, 0x00, 0x00, 0x00, 0x00, 0x81, 0xFF, 0x09, 0x00, 0x00, 0x00, 0x00, 0x00, 0x00,
    0x88, 0xEE, 0x18, 0x00, 0x00, 0x00, 0x00, 0x00, 0x00, 0x00, 0x00, 0x7D, 0xFF, 0x01, 0x00, 0x37,
    0xCD, 0xC5, 0xC0, 0xC0, 0xD3, 0xCA, 0xC0, 0xC0, 0xC2, 0xC8, 0xCF, 0x0D, 0x00, 0x00, 0x00, 0x7C,
    0xFF, 0x00, 0x25, 0x2C, 0xA2, 0x9A, 0x94, 0x94, 0x94, 0x94, 0x94, 0x94, 0x96, 0x9D, 0xA4, 0x0A,
    0x00, 0x57, 0xDC, 0xA2, 0xFF, 0x9C, 0xF3, 0x0F, 0x00, 0x00, 0x00, 0x00, 0x00, 0x00, 0x00, 0x00,
    0x00, 0x00, 0x00, 0x00, 0x00, 0x87, 0xF8, 0x83, 0xFF, 0x50, 0xFF, 0x72, 0x13, 0x3C, 0x3C, 0x3C,
    0x3C, 0x3C, 0x3C, 0x3C, 0x3C, 0x18, 0x00, 0x00, 0x00, 0xBD, 0xC2, 0x7C, 0xFF, 0x02, 0xE3, 0xB9,
    0x4D, 0xFF, 0xFF, 0xFF, 0xFF, 0xFF, 0xFF, 0xFF, 0xFF, 0x64, 0x00, 0x00, 0x0C, 0xF9, 0x84, 0x7C,
    0xFF, 0x00, 0x21, 0x00, 0x45, 0xFF, 0x2B, 0x04, 0x04, 0x04, 0x04, 0x13, 0xFF, 0x5C, 0x00, 0x00,
    0x0A, 0x4B, 0x27, 0x7C, 0xFF, 0x00, 0x00, 0x00, 0x41, 0xFF, 0x28, 0x00, 0x00, 0x00, 0x00, 0x10,
    0xFF, 0x59, 0x00, 0x00, 0x00, 0x00, 0x00, 0x7C, 0xFF, 0x00, 0x00, 0x00, 0x48, 0xFF, 0x6E, 0x54,
    0x54, 0x54, 0x54, 0x5E, 0xFF, 0x5F, 0x00, 0x00, 0x00, 0x00, 0x00, 0x7C, 0xFF, 0x00, 0x00, 0x00,
    0x49, 0xEC, 0xEC, 0xEC, 0xF9, 0xFB, 0xEC, 0xEC, 0xEC, 0x5F, 0x00, 0x00, 0x00, 0x00, 0x00, 0x7C,
    0xFF, 0x00, 0x00, 0x00, 0x00, 0x00, 0x00, 0x00, 0xA8, 0xC0, 0x00, 0x00, 0x00, 0x00, 0x00, 0x00,
    0x00, 0x00, 0x00, 0x7C, 0xFF, 0x00, 0x00, 0x00, 0x2B, 0xA5, 0x1C, 0x00, 0xA8, 0xC0, 0x00, 0x41,
    0x88, 0x00, 0x00, 0x00, 0x00, 0x00, 0x00, 0x7C, 0xFF, 0x00, 0x00, 0x00, 0xB1, 0xFD, 0x36, 0x00,
    0xA8, 0xC0, 0x00, 0xB1, 0xFF, 0x66, 0x00, 0x00, 0x00, 0x00, 0x00, 0x7C, 0xFF, 0x00, 0x00, 0x47,
    0xFF, 0x93, 0x00, 0x00, 0xA8, 0xC0, 0x00, 0x0C, 0xCE, 0xFA, 0x42, 0x00, 0x00, 0x00, 0x00, 0x82,
    0xFF, 0x05, 0x1A, 0xEA, 0xE0, 0x0C, 0x00, 0x00, 0xAD, 0xC0, 0x00, 0x00, 0x22, 0xF2, 0xC6, 0x00,
    0x00, 0x00, 0x00, 0x88, 0xFF, 0x0B, 0x2A, 0xD4, 0x41, 0x00, 0x3C, 0xB0, 0xF7, 0xA6, 0x00, 0x00,
    0x00, 0x3F, 0x0C, 0x00, 0x00, 0x00, 0x00, 0x7B, 0xE0, 0x0E, 0x00, 0x02, 0x00, 0x00, 0x16, 0xEA,
    0xA8, 0x1F, 0x00, 0x00, 0x00, 0x00, 0x00, 0x00, 0x00, 0x00, 0x00, 0x00, 0x00, 0x00, 0x00, 0x00,
    0x00, 0x00, 0x00, 0x00, 0x07, 0x00, 0x00, 0x00, 0x00, 0x00, 0x00, 0x00, 0x00, 0x00, 0x00, 0x00,
    0x00, 0x00, 0xE0, 0xBF, 0x00, 0x0C, 0xC4, 0x8A, 0x02, 0x00, 0x00, 0x00, 0x00, 0x00, 0x00, 0x00,
    0x00, 0x00, 0x00, 0x00, 0xD3, 0xC7, 0x00, 0x02, 0x88, 0xFF, 0xB3, 0x0E, 0x00, 0x00, 0x00, 0x00,
    0x00, 0x00, 0x00, 0x00, 0x00, 0x00, 0xC4, 0xC4, 0x00, 0x00, 0x00, 0x62, 0xEB, 0x29, 0x00, 0x00,
    0x00, 0x00, 0x2B, 0x44, 0x44, 0x44, 0x44, 0x44, 0xCB, 0xD6, 0x44, 0x44, 0x44, 0x44, 0x55, 0x4A,
    0x52, 0x0A, 0x00, 0x00, 0xA0, 0xFF, 0xE8, 0xE8, 0xE8, 0xE8, 0xF6, 0xFC, 0xE8, 0xE8, 0xE8, 0xE8,
    0xE8, 0xF5, 0xFF, 0x20, 0x00, 0x00, 0x9B, 0xFC, 0x00, 0x00, 0x00, 0x00, 0x8F, 0xEC, 0x00, 0x00,
    0x00, 0x00, 0x00, 0x00, 0x05, 0x01, 0x00, 0x00, 0x98, 0xF7, 0x00, 0x00, 0x00, 0x00, 0x6E, 0xFF,
    0x0A, 0x00, 0x00, 0x0A, 0x4D, 0x00, 0x00, 0x00, 0x00, 0x00, 0x98, 0xF0, 0x00, 0x00, 0x00, 0x00,
    0x46, 0xFF, 0x34, 0x00, 0x00, 0x69, 0xFF, 0x79, 0x00, 0x00, 0x00, 0x00, 0x9D, 0xE9, 0x00, 0x00,
    0x00, 0x00, 0x16, 0xFF, 0x6C, 0x00, 0x01, 0xD7, 0xDE, 0x0B, 0x00, 0x00, 0x00, 0x00, 0xAE, 0xE0,
    0x00, 0x00, 0x00, 0x00, 0x00, 0xD7, 0xB5, 0x00, 0x66, 0xFF, 0x46, 0x00, 0x00, 0x00, 0x00, 0x00,
    0xC1, 0xD3, 0x00, 0x00, 0x00, 0x00, 0x00, 0x86, 0xF9, 0x2B, 0xEE, 0xA4, 0x00, 0x00, 0x00, 0x00,
    0x00, 0x00, 0xE6, 0xBF, 0x00, 0x00, 0x00, 0x00, 0x00, 0x29, 0xFF, 0xEB, 0xE5, 0x13, 0x00, 0x00,
    0x00, 0x00, 0x00, 0x0D, 0xFF, 0x9D, 0x00, 0x00, 0x00, 0x00, 0x00, 0x0A, 0xE5, 0xFF, 0x49, 0x00,
    0x00, 0x00, 0x00, 0x00, 0x00, 0x42, 0xFF, 0x6E, 0x00, 0x00, 0x00, 0x00, 0x17, 0xC5, 0xF8, 0xFE,
    0x93, 0x00, 0x00, 0x00, 0x08, 0x00, 0x00, 0x8A, 0xFF, 0x2F, 0x00, 0x00, 0x00, 0x55, 0xE9, 0xE3,
    0x34, 0x83, 0xFF, 0x66, 0x00, 0x00, 0xBF, 0x72, 0x09, 0xE7, 0xD6, 0x00, 0x06, 0x58, 0xC9, 0xFF,
    0xBA, 0x16, 0x00, 0x02, 0xB0, 0xFE, 0x8A, 0x6A, 0xFE, 0x86, 0x7D, 0xFF, 0x66, 0x00, 0x28, 0xE4,
    0xE9, 0x64, 0x00, 0x00, 0x00, 0x00, 0x06, 0xAC, 0xFF, 0xFF, 0xF2, 0x19, 0x19, 0x8D, 0x03, 0x00,
    0x00, 0x27, 0x0E, 0x00, 0x00, 0x00, 0x00, 0x00, 0x00, 0x00, 0x4D, 0x89, 0x36, 0x00, 0x00, 0x00,
    0x00, 0x00, 0x00, 0x00, 0x00, 0x00, 0x00, 0x00, 0x6F, 0x41, 0x00, 0x00, 0x35, 0x1B, 0x00, 0x00,
    0x00, 0x00, 0x00, 0x00, 0x00, 0x00, 0x00, 0x00, 0x00, 0x00, 0x00, 0x00, 0xFB, 0xB0, 0x00, 0x12,
    0xF5, 0xB8, 0x01, 0x00, 0x00, 0x00, 0x00, 0x00, 0x00, 0x00, 0x00, 0x00, 0x00, 0x00, 0x00, 0x00,
    0xF2, 0xA8, 0x00, 0x00, 0x84, 0xFF, 0x61, 0x00, 0x00, 0x00, 0x00, 0x00, 0x00, 0x00, 0x00, 0x00,
    0x00, 0x00, 0x00, 0x00, 0xE4, 0xA5, 0x00, 0x00, 0x06, 0x67, 0x03, 0x00, 0x00, 0x00, 0x00, 0x00,
    0x00, 0xA3, 0xBC, 0xBC, 0xBC, 0xBC, 0xBC, 0xBC, 0xF6, 0xE7, 0xBC, 0xBC, 0xBC, 0xBC, 0xBD, 0xC4,
    0xA9, 0x00, 0x00, 0x00, 0x00, 0xD9, 0xE7, 0x98, 0x98, 0x98, 0x98, 0x98, 0xE6, 0xE4, 0x98, 0x98,
    0x98, 0x98, 0x99, 0xA1, 0x8B, 0x00, 0x00, 0x00, 0x00, 0xD4, 0xC4, 0x00, 0x00, 0x00, 0x00, 0x00,
    0xB4, 0xC8, 0x00, 0x00, 0x00, 0x00, 0x00, 0x00, 0x00, 0x00, 0x00, 0x00, 0x00, 0xD0, 0xC4, 0x00,
    0x00, 0x00, 0x00, 0x00, 0x9B, 0xE8, 0x00, 0x00, 0x00, 0x79, 0x24, 0x00, 0x00, 0x00, 0x00, 0x00,
    0x00, 0xCD, 0xC4, 0x00, 0x00, 0x00, 0x00, 0x00, 0x78, 0xFF, 0x13, 0x00, 0x22, 0xFF, 0xE8, 0x10,
    0x00, 0x00, 0x00, 0x00, 0x00, 0xCD, 0xC5, 0x08, 0x08, 0x09, 0x10, 0x16, 0x4B, 0xFF, 0x51, 0x00,
    0x80, 0xFF, 0x5D, 0x00, 0x00, 0x00, 0x00, 0x00, 0x00, 0xD5, 0xFF, 0xFF, 0xFF, 0xFF, 0xFF, 0xFF,
    0x32, 0xF7, 0x9A, 0x0A, 0xEA, 0xD2, 0x02, 0x00, 0x00, 0x00, 0x00, 0x00, 0x00, 0xE3, 0xC6, 0x60,
    0x60, 0x62, 0x69, 0x70, 0x12, 0xAB, 0xF0, 0x86, 0xFF, 0x50, 0x00, 0x00, 0x00, 0x00, 0x00, 0x00,
    0x04, 0xFB, 0x87, 0x00, 0x00, 0x00, 0x00, 0x00, 0x00, 0x46, 0xFF, 0xFF, 0xCD, 0x00, 0x00, 0x00,
    0x00, 0x00, 0x00, 0x00, 0x30, 0xFF, 0x63, 0x00, 0x00, 0x00, 0x00, 0x00, 0x00, 0x24, 0xFB, 0xFF,
    0x50, 0x00, 0x00, 0x00, 0x00, 0x00, 0x00, 0x00, 0x77, 0xFF, 0x28, 0x00, 0x00, 0x00, 0x00, 0x00,
    0x21, 0xDE, 0xFD, 0xFF, 0x8C, 0x00, 0x00, 0x00, 0x00, 0x00, 0x00, 0x01, 0xD3, 0xE3, 0x00, 0x00,
    0x00, 0x00, 0x00, 0x49, 0xEA, 0xFB, 0x5B, 0x9D, 0xFB, 0x38, 0x00, 0x57, 0x50, 0x00, 0x00, 0x55,
    0xFF, 0x8A, 0x00, 0x00, 0x00, 0x33, 0xAE, 0xFF, 0xEA, 0x42, 0x00, 0x0C, 0xD7, 0xE9, 0x55, 0xCD,
    0xFB, 0x13, 0x14, 0xEC, 0xFD, 0x26, 0x00, 0x00, 0x0C, 0xC1, 0xFF, 0xA9, 0x15, 0x00, 0x00, 0x00,
    0x23, 0xD9, 0xFF, 0xFF, 0xAC, 0x00, 0x00, 0x37, 0x85, 0x00, 0x00, 0x00, 0x00, 0x0E, 0x4C, 0x00,
    0x00, 0x00, 0x00, 0x00, 0x00, 0x0C, 0x99, 0xD6, 0x2A, 0x00, 0x0E, 0xA0, 0xA0, 0xA0, 0xA0, 0xA0,
    0xA0, 0xA0, 0xA0, 0xA0, 0xA0, 0xA0, 0xA0, 0x7E, 0x14, 0xFF, 0xEB, 0xC8, 0xC8, 0xC8, 0xC8, 0xC8,
    0xC8, 0xC8, 0xC8, 0xC8, 0xFF, 0xC7, 0x11, 0xFF, 0xA0, 0x00, 0x00, 0x00, 0x00, 0x00, 0x00, 0x00,
    0x00, 0x00, 0xFF, 0xC3, 0x0D, 0xFF, 0xA0, 0x00, 0x00, 0x00, 0x00, 0x00, 0x00, 0x00, 0x00, 0x00,
    0xFF, 0xC0, 0x0A, 0xFF, 0xA0, 0x00, 0x00, 0x00, 0x00, 0x00, 0x00, 0x00, 0x00, 0x00, 0xFF, 0xBC,
    0x08, 0xFF, 0xA0, 0x00, 0x00, 0x00, 0x00, 0x00, 0x00, 0x00, 0x00, 0x00, 0xFF, 0xBB, 0x07, 0xFF,
    0xA0, 0x00, 0x00, 0x00, 0x00, 0x00, 0x00, 0x00, 0x00, 0x00, 0xFF, 0xBA, 0x06, 0xFF, 0xE8, 0xC0,
    0xC0, 0xC0, 0xC0, 0xC0, 0xC0, 0xC0, 0xC0, 0xC0, 0xFF, 0xB9, 0x05, 0xFF, 0xD7, 0x94, 0x94, 0x94,
    0x94, 0x94, 0x94, 0x94, 0x94, 0x94, 0xFF, 0xB8, 0x04, 0xFF, 0xA0, 0x00, 0x00, 0x00, 0x00, 0x00,
    0x00, 0x00, 0x00, 0x00, 0xFF, 0xB8, 0x05, 0xFF, 0xA0, 0x00, 0x00, 0x00, 0x00, 0x00, 0x00, 0x00,
    0x00, 0x00, 0xFF, 0xB9, 0x06, 0xFF, 0xA0, 0x00, 0x00, 0x00, 0x00, 0x00, 0x00, 0x00, 0x00, 0x00,
    0xFF, 0xBA, 0x07, 0xFF, 0xA0, 0x00, 0x00, 0x00, 0x00, 0x00, 0x00, 0x00, 0x00, 0x00, 0xFF, 0xBB,
    0x08, 0xFF, 0xA0, 0x00, 0x00, 0x00, 0x00, 0x00, 0x00, 0x00, 0x00, 0x00, 0xFF, 0xBD, 0x0B, 0xFF,
    0xF4, 0xE0, 0xE0, 0xE0, 0xE0, 0xE0, 0xE0, 0xE0, 0xE0, 0xE0, 0xFF, 0xC1, 0x0E, 0xFF, 0xCB, 0x74,
    0x74, 0x74, 0x74, 0x74, 0x74, 0x74, 0x74, 0x74, 0xFF, 0xC4, 0x13, 0xFF, 0xA0, 0x00, 0x00, 0x00,
    0x00, 0x00, 0x00, 0x00, 0x00, 0x00, 0xFF, 0xC8, 0x11, 0xCC, 0x7F, 0x00, 0x00, 0x00, 0x00, 0x00,
    0x00, 0x00, 0x00, 0x00, 0x68, 0x52, 0x00, 0x00, 0x00, 0x00, 0x00, 0x00, 0x00, 0x00, 0x00, 0x6A,
    0x8C, 0x8C, 0x8C, 0x8C, 0x8C, 0x8C, 0x8C, 0x04, 0x3E, 0xEC, 0xEC, 0xEC, 0xEC, 0xEC, 0xEC, 0x08,
    0x00, 0xBE, 0xF9, 0xC8, 0xC8, 0xC8, 0xC8, 0xE9, 0xFF, 0x02, 0x3B, 0xFF, 0x92, 0x68, 0x68, 0xAA,
    0xFF, 0x03, 0x00, 0xB9, 0xE0, 0x00, 0x00, 0x00, 0x00, 0x98, 0xFB, 0x00, 0x37, 0xFF, 0x48, 0x00,
    0x00, 0x70, 0xFD, 0x00, 0x00, 0xB2, 0xE0, 0x00, 0x00, 0x00, 0x00, 0x98, 0xF8, 0x00, 0x34, 0xFF,
    0x48, 0x00, 0x00, 0x70, 0xF8, 0x00, 0x00, 0xB0, 0xE0, 0x00, 0x00, 0x00, 0x00, 0x98, 0xF8, 0x00,
    0x34, 0xFF, 0x56, 0x14, 0x14, 0x7B, 0xF8, 0x00, 0x00, 0xB0, 0xFE, 0xF0, 0xF0, 0xF0, 0xF0, 0xF9,
    0xF8, 0x00, 0x34, 0xFF, 0xFF, 0xFF, 0xFF, 0xFF, 0xF8, 0x00, 0x00, 0xB0, 0xEC, 0x64, 0x64, 0x64,
    0x64, 0xC0, 0xF8, 0x00, 0x34, 0xFF, 0x67, 0x2C, 0x2C, 0x88, 0xF8, 0x00, 0x00, 0xB2, 0xE0, 0x00,
    0x00, 0x00, 0x00, 0x98, 0xF8, 0x00, 0x34, 0xFF, 0x48, 0x00, 0x00, 0x70, 0xF8, 0x00, 0x00, 0xB9,
    0xE0, 0x00, 0x00, 0x00, 0x00, 0x98, 0xF8, 0x00, 0x34, 0xFF, 0x48, 0x00, 0x00, 0x70, 0xF8, 0x00,
    0x00, 0xC0, 0xED, 0x68, 0x68, 0x68, 0x68, 0xC2, 0xF8, 0x00, 0x34, 0xFF, 0x48, 0x00, 0x00, 0x70,
    0xF8, 0x00, 0x00, 0xCD, 0xFB, 0xEC, 0xEC, 0xEC, 0xEC, 0xF7, 0xF8, 0x00, 0x35, 0xFF, 0xFF, 0xFF,
    0xFF, 0xFF, 0xFB, 0x00, 0x02, 0xF5, 0xB2, 0x00, 0x00, 0x00, 0x00, 0x98, 0xF8, 0x00, 0x38, 0xFF,
    0x92, 0x68, 0x68, 0xAA, 0xFF, 0x02, 0x27, 0xFF, 0x85, 0x00, 0x00, 0x00, 0x00, 0x98, 0xF8, 0x00,
    0x3D, 0xFF, 0x48, 0x00, 0x00, 0x40, 0x94, 0x05, 0x69, 0xFF, 0x46, 0x00, 0x00, 0x00, 0x00, 0x98,
    0xF8, 0x00, 0x29, 0x98, 0x2A, 0x00, 0x00, 0x00, 0x00, 0x00, 0xD0, 0xF2, 0x06, 0x00, 0x00, 0x00,
    0x00, 0x98, 0xF8, 0x00, 0x00, 0x00, 0x00, 0x00, 0x00, 0x00, 0x00, 0x47, 0xFF, 0x94, 0x00, 0x00,
    0x00, 0x0F, 0x13, 0xBB, 0xF6, 0x00, 0x00, 0x00, 0x00, 0x00, 0x00, 0x00, 0x17, 0xE7, 0xFB, 0x24,
    0x00, 0x00, 0x00, 0xA3, 0xFF, 0xFF, 0xCB, 0x00, 0x00, 0x00, 0x00, 0x00, 0x00, 0x00, 0x23, 0xB7,
    0x8C, 0x00, 0x00, 0x00, 0x00, 0x38, 0xAE, 0x73, 0x15, 0x00, 0x00, 0x00, 0x00, 0x00, 0x00, 0x00,
    0x00, 0x01, 0x07, 0x00, 0x00, 0x00, 0x00, 0x00, 0x00, 0x00, 0x00, 0x00, 0x00, 0x00, 0x00, 0x00,
    0x00, 0x00, 0x00, 0x00, 0x18, 0x0C, 0x00, 0x00, 0x00, 0x00, 0x00, 0x00, 0x00, 0x00, 0x00, 0x00,
    0x00, 0x00, 0x00, 0x00, 0x00, 0x00, 0x00, 0x86, 0xFC, 0x1D, 0x00, 0x00, 0x00, 0x00, 0x00, 0x00,
    0x00, 0x00, 0x00, 0x27, 0x56, 0x4F, 0x4C, 0x4C, 0x4C, 0x4C, 0xB7, 0xE8, 0x4C, 0x4C, 0x4C, 0x4C,
    0x51, 0x58, 0x3D, 0x00, 0x00, 0x00, 0x66, 0xE9, 0xE3, 0xE0, 0xE0, 0xE0, 0xE0, 0xF9, 0xF3, 0xE0,
    0xE0, 0xE0, 0xE0, 0xE1, 0xE8, 0x9E, 0x00, 0x00, 0x00, 0x00, 0x00, 0x00, 0x00, 0x00, 0x00, 0x02,
    0xEE, 0x76, 0x00, 0x00, 0x00, 0x00, 0x00, 0x00, 0x00, 0x00, 0x00, 0x00, 0x00, 0x4D, 0x98, 0x91,
    0x90, 0x90, 0x9D, 0xFF, 0xAF, 0x90, 0x90, 0x90, 0x90, 0x91, 0x94, 0x00, 0x00, 0x00, 0x00, 0x00,
    0x4A, 0x90, 0x89, 0x88, 0x88, 0xD8, 0xEA, 0x88, 0x88, 0x88, 0x88, 0x88, 0x8A, 0x8E, 0x00, 0x00,
    0x00, 0x00, 0x00, 0x00, 0x00, 0x00, 0x00, 0x16, 0xF2, 0x7A, 0x00, 0x00, 0x00, 0x00, 0x00, 0x00,
    0x00, 0x00, 0x00, 0x00, 0x4B, 0xC9, 0xC1, 0xC0, 0xC0, 0xC0, 0xDA, 0xFF, 0xC8, 0xC0, 0xC0, 0xC0,
    0xC0, 0xC0, 0xC0, 0xC5, 0xCC, 0x5B, 0x00, 0x2C, 0x6B, 0x5B, 0x58, 0x5A, 0xDA, 0xF6, 0x69, 0x58,
    0x58, 0x58, 0xC8, 0xFB, 0x72, 0x5A, 0x5D, 0x63, 0x2E, 0x00, 0x00, 0x00, 0x00, 0x0D, 0xAB, 0xF3,
    0x46, 0x00, 0x00, 0x00, 0x00, 0x24, 0xEF, 0xD6, 0x2B, 0x00, 0x00, 0x00, 0x00, 0x00, 0x00, 0x46,
    0xDD, 0xFF, 0xE5, 0xC8, 0xC8, 0xC8, 0xC8, 0xC8, 0xC8, 0xE8, 0xFF, 0xF7, 0x8E, 0x1B, 0x00, 0x00,
    0x4B, 0xBB, 0xFF, 0xA7, 0xD2, 0xCE, 0x50, 0x50, 0x50, 0x50, 0x50, 0x50, 0x7C, 0xFF, 0xD2, 0xFF,
    0xFD, 0xA9, 0x03, 0x69, 0xCF, 0x49, 0x00, 0xC4, 0xC1, 0x20, 0x20, 0x20, 0x20, 0x20, 0x20, 0x58,
    0xFF, 0x3C, 0x41, 0xBC, 0x3D, 0x00, 0x00, 0x00, 0x00, 0x00, 0xC4, 0xFF, 0xFF, 0xFF, 0xFF, 0xFF,
    0xFF, 0xFF, 0xFF, 0xFF, 0x3C, 0x00, 0x00, 0x00, 0x00, 0x00, 0x00, 0x00, 0x00, 0xC4, 0xBB, 0x0C,
    0x0C, 0x0C, 0x0C, 0x0C, 0x0C, 0x49, 0xFF, 0x3C, 0x00, 0x00, 0x00, 0x00, 0x00, 0x00, 0x00, 0x00,
    0xC4, 0xCE, 0x50, 0x50, 0x50, 0x50, 0x50, 0x50, 0x7C, 0xFF, 0x3D, 0x00, 0x00, 0x00, 0x00, 0x00,
    0x00, 0x00, 0x00, 0xC9, 0xF5, 0xDC, 0xDC, 0xDC, 0xDC, 0xDC, 0xDC, 0xE5, 0xFF, 0x44, 0x00, 0x00,
    0x00, 0x00, 0x00, 0x00, 0x00, 0x00, 0xA8, 0x92, 0x00, 0x00, 0x00, 0x00, 0x00, 0x00, 0x38, 0xE0,
    0x42, 0x00, 0x00, 0x00, 0x00, 0x00, 0x00, 0x00, 0x02, 0x04, 0x04, 0x04, 0x04, 0x04, 0x04, 0x04,
    0x04, 0x04, 0x04, 0x04, 0x04, 0x00, 0x00, 0x00, 0x00, 0x00, 0x00, 0xB4, 0xFF, 0xFF, 0xFF, 0xFF,
    0xFF, 0xFF, 0xFF, 0xFF, 0xFF, 0xFF, 0xFF, 0xFF, 0x13, 0x00, 0x00, 0x00, 0x00, 0x00, 0xAD, 0xDB,
    0x14, 0x14, 0x14, 0x14, 0x14, 0x14, 0x14, 0x14, 0x14, 0x82, 0xFF, 0x0C, 0x00, 0x00, 0x00, 0x00,
    0x00, 0xA6, 0xFF, 0xFC, 0xFC, 0xFC, 0xFC, 0xFC, 0xFC, 0xFC, 0xFC, 0xFC, 0xFD, 0xFF, 0x06, 0x00,
    0x00, 0x00, 0x00, 0x00, 0xAB, 0xDF, 0x30, 0x30, 0x30, 0x30, 0x30, 0x30, 0x30, 0x30, 0x30, 0x91,
    0xFF, 0x0A, 0x00, 0x00, 0x00, 0x00, 0x00, 0xB3, 0xFB, 0xE0, 0xE0, 0xE0, 0xE0, 0xE0, 0xE0, 0xE0,
    0xE0, 0xE0, 0xEF, 0xFF, 0x12, 0x00, 0x00, 0x00, 0x00, 0x00, 0x28, 0x38, 0x38, 0x38, 0x38, 0x85,
    0xD8, 0x41, 0x38, 0x38, 0x38, 0x38, 0x45, 0x07, 0x00, 0x00, 0x00, 0x00, 0x00, 0x47, 0x68, 0x63,
    0x61, 0x60, 0xAD, 0xFF, 0x63, 0x63, 0x6A, 0x3A, 0x24, 0xD4, 0xB7, 0x10, 0x00, 0x00, 0x00, 0x00,
    0x75, 0xB8, 0xB8, 0xB8, 0xB8, 0xDA, 0xFF, 0xB8, 0xB8, 0xB8, 0xB6, 0xF1, 0xE3, 0x59, 0x02, 0x00,
    0x00, 0x02, 0x00, 0x00, 0x00, 0x00, 0x00, 0x00, 0x7C, 0xFF, 0x00, 0x1C, 0xB0, 0xFB, 0x8A, 0x0B,
    0x00, 0x00, 0x03, 0x00, 0xAC, 0xFB, 0xF5, 0xF4, 0xF4, 0xF4, 0xF4, 0xF9, 0xFF, 0xF4, 0xFB, 0xFF,
    0xFC, 0xF4, 0xF5, 0xF8, 0xFD, 0xC0, 0x00, 0x30, 0x3F, 0x3A, 0x38, 0x38, 0x38, 0x42, 0x9E, 0xF8,
    0xED, 0x76, 0x38, 0x38, 0x38, 0x38, 0x3E, 0x45, 0x37, 0x00, 0x00, 0x00, 0x00, 0x3D, 0xC4, 0xC4,
    0xED, 0xFF, 0xFF, 0xCF, 0xC4, 0xC4, 0xC4, 0xC4, 0xC4, 0x2D, 0x00, 0x00, 0x00, 0x00, 0x24, 0x78,
    0xD9, 0xFF, 0xC6, 0x73, 0x68, 0x68, 0x68, 0x68, 0x68, 0x68, 0x97, 0xFF, 0x32, 0x00, 0x00, 0x0D,
    0xCD, 0xFF, 0xF8, 0xCD, 0xFF, 0x85, 0x6C, 0x6C, 0x6C, 0x6C, 0x6C, 0x6C, 0x6C, 0x9A, 0xFF, 0x2E,
    0x00, 0x00, 0x00, 0x37, 0x62, 0x11, 0x51, 0xFF, 0xA9, 0x98, 0x98, 0x98, 0x98, 0x98, 0x98, 0x98,
    0xB8, 0xFF, 0x2C, 0x00, 0x00, 0x00, 0x00, 0x00, 0x00, 0x54, 0xFF, 0x6E, 0x50, 0x50, 0x50, 0x50,
    0x50, 0x50, 0x50, 0x87, 0xFF, 0x2E, 0x00, 0x00, 0x00, 0x00, 0x00, 0x00, 0x58, 0xFF, 0xE2, 0xDC,
    0xDC, 0xDC, 0xDC, 0xDC, 0xDC, 0xDC, 0xE7, 0xFF, 0x33, 0x00, 0x00, 0x00, 0x00, 0x00, 0x00, 0x53,
    0xE0, 0x26, 0x00, 0x00, 0x00, 0x00, 0x00, 0x00, 0x00, 0x3F, 0xCC, 0x2F, 0x00, 0x00, 0x00, 0x00,
    0x00, 0x0E, 0x14, 0x14, 0x14, 0x14, 0x14, 0x14, 0x14, 0x14, 0x14, 0x14, 0x14, 0x08, 0x00, 0x00,
    0x00, 0xB0, 0xFF, 0xFF, 0xFF, 0xFF, 0xFF, 0xFF, 0xFF, 0xFF, 0xFF, 0xFF, 0xFF, 0x5D, 0x00, 0x00,
    0x00, 0xA8, 0xDF, 0x18, 0x18, 0x18, 0x18, 0x18, 0x18, 0x18, 0x18, 0x4E, 0xFF, 0x4D, 0x00, 0x00,
    0x00, 0xA3, 0xDC, 0x00, 0x00, 0x00, 0x00, 0x00, 0x00, 0x00, 0x00, 0x3C, 0xFF, 0x44, 0x00, 0x00,
    0x00, 0xA0, 0xDC, 0x00, 0x00, 0x00, 0x00, 0x00, 0x00, 0x00, 0x00, 0x3C, 0xFF, 0x40, 0x00, 0x00,
    0x00, 0xA0, 0xF2, 0xA0, 0xA0, 0xA0, 0xA0, 0xA0, 0xA0, 0xA0, 0xA0, 0xB6, 0xFF, 0x40, 0x00, 0x00,
    0x00, 0xA0, 0xEF, 0x8C, 0x8C, 0x8C, 0x8C, 0x8C, 0x8C, 0x8C, 0x8C, 0xA7, 0xFF, 0x40, 0x00, 0x00,
    0x00, 0xA0, 0xDC, 0x00, 0x00, 0x00, 0x00, 0x00, 0x00, 0x00, 0x00, 0x3C, 0xFF, 0x40, 0x00, 0x00,
    0x00, 0xA3, 0xDC, 0x00, 0x00, 0x00, 0x00, 0x00, 0x00, 0x00, 0x00, 0x3C, 0xFF, 0x40, 0x00, 0x00,
    0x00, 0xAA, 0xE5, 0x40, 0x40, 0x40, 0x40, 0x40, 0x40, 0x40, 0x40, 0x6D, 0xFF, 0x40, 0x00, 0x00,
    0x00, 0xBE, 0xFF, 0xFF, 0xFF, 0xFF, 0xFF, 0xFF, 0xFF, 0xFF, 0xFF, 0xFF, 0xFF, 0x40, 0x00, 0x00,
    0x00, 0xDC, 0xAB, 0x00, 0x00, 0x00, 0x00, 0x00, 0x00, 0x00, 0x00, 0x3C, 0xFF, 0x40, 0x00, 0x00,
    0x13, 0xFF, 0x74, 0x00, 0x00, 0x00, 0x00, 0x00, 0x00, 0x00, 0x00, 0x3C, 0xFF, 0x40, 0x00, 0x00,
    0x67, 0xFF, 0x35, 0x00, 0x00, 0x00, 0x00, 0x00, 0x00, 0x00, 0x00, 0x3C, 0xFF, 0x40, 0x00, 0x03,
    0xD3, 0xD6, 0x00, 0x00, 0x00, 0x00, 0x00, 0x00, 0x00, 0x00, 0x00, 0x3D, 0xFF, 0x40, 0x00, 0x71,
    0xFF, 0x67, 0x00, 0x00, 0x00, 0x00, 0x00, 0x00, 0x09, 0x20, 0x20, 0x8B, 0xFF, 0x3B, 0x4A, 0xFA,
    0xD0, 0x03, 0x00, 0x00, 0x00, 0x00, 0x00, 0x00, 0x0A, 0xEA, 0xFF, 0xFF, 0xF5, 0x13, 0x1D, 0x8E,
    0x23, 0x00, 0x00, 0x00, 0x00, 0x00, 0x00, 0x00, 0x00, 0x6A, 0x8B, 0x68, 0x22, 0x00, 0x00, 0x00,
    0x00, 0x00, 0x00, 0x00, 0x00, 0x00, 0x07, 0x54, 0x33, 0x00, 0x00, 0x00, 0x00, 0x00, 0x00, 0x00,
    0x00, 0x00, 0x00, 0x00, 0x00, 0x00, 0x00, 0x00, 0x00, 0x00, 0x0E, 0xFF, 0x94, 0x00, 0x00, 0x00,
    0x00, 0x00, 0x00, 0x00, 0x00, 0x00, 0x00, 0x00, 0x00, 0x00, 0x00, 0x00, 0x00, 0x00, 0x07, 0xFF,
    0x8E, 0x00, 0x00, 0x00, 0x00, 0x00, 0x00, 0x00, 0x00, 0x00, 0x00, 0x00, 0x03, 0x02, 0x00, 0x00,
    0x00, 0x00, 0x05, 0xFF, 0x8C, 0x00, 0x00, 0x00, 0x00, 0x02, 0x07, 0x00, 0x00, 0x00, 0x00, 0x00,
    0x58, 0xFF, 0xFA, 0xF8, 0xF8, 0xF8, 0xF8, 0xFF, 0xFC, 0xF8, 0xF8, 0xF8, 0xFB, 0xFF, 0xCC, 0x00,
    0x00, 0x00, 0x00, 0x00, 0x1F, 0x53, 0x4C, 0x49, 0x48, 0x48, 0x4A, 0xFF, 0xAC, 0x48, 0x48, 0x48,
    0x4C, 0x53, 0x47, 0x00, 0x00, 0x00, 0x00, 0x00, 0x00, 0x00, 0x00, 0x00, 0x00, 0x00, 0x04, 0xFF,
    0x8C, 0x00, 0x00, 0x00, 0x00, 0x00, 0x00, 0x00, 0x00, 0x00, 0x00, 0x00, 0x00, 0x00, 0x00, 0x00,
    0x00, 0x00, 0x04, 0xFF, 0x8C, 0x00, 0x00, 0x00, 0x00, 0x00, 0x00, 0x00, 0x00, 0x00, 0x00, 0x8A,
    0x9D, 0x99, 0x98, 0x98, 0x98, 0x98, 0x99, 0xFF, 0xD0, 0x98, 0x98, 0x98, 0x98, 0x9A, 0xA0, 0xA6,
    0x3D, 0x00, 0x00, 0x97, 0xAD, 0xA9, 0xA8, 0xA8, 0xA8, 0xCA, 0xFF, 0xFF, 0xFF, 0xDD, 0xA8, 0xA8,
    0xA8, 0xA9, 0xB0, 0xB7, 0x43, 0x00, 0x00, 0x00, 0x00, 0x00, 0x00, 0x00, 0x0B, 0xD7, 0xDD, 0xFF,
    0xF3, 0xF4, 0x28, 0x00, 0x00, 0x00, 0x00, 0x00, 0x00, 0x00, 0x00, 0x00, 0x00, 0x00, 0x00, 0x00,
    0x9E, 0xFE, 0x43, 0xFF, 0x95, 0xDF, 0xD3, 0x0D, 0x00, 0x00, 0x00, 0x00, 0x00, 0x00, 0x00, 0x00,
    0x00, 0x00, 0x00, 0x81, 0xFF, 0x86, 0x04, 0xFF, 0x8C, 0x41, 0xFD, 0xC1, 0x0A, 0x00, 0x00, 0x00,
    0x00, 0x00, 0x00, 0x00, 0x00, 0x00, 0x86, 0xFF, 0xB6, 0x03, 0x04, 0xFF, 0x8C, 0x00, 0x7A, 0xFF,
    0xC0, 0x15, 0x00, 0x00, 0x00, 0x00, 0x00, 0x00, 0x0D, 0xA7, 0xFF, 0xC0, 0x0C, 0x00, 0x04, 0xFF,
    0x8C, 0x00, 0x00, 0x8C, 0xFF, 0xEA, 0x69, 0x08, 0x00, 0x00, 0x01, 0x50, 0xDE, 0xFF, 0xA3, 0x08,
    0x00, 0x00, 0x04, 0xFF, 0x8C, 0x00, 0x00, 0x00, 0x5F, 0xF3, 0xFF, 0xEB, 0x93, 0x0C, 0x0C, 0xB2,
    0xFA, 0x73, 0x00, 0x00, 0x00, 0x00, 0x0A, 0xFF, 0x8E, 0x00, 0x00, 0x00, 0x00, 0x22, 0xA6, 0xFC,
    0x5F, 0x00, 0x00, 0x09, 0x31, 0x00, 0x00, 0x00, 0x00, 0x00, 0x19, 0xFF, 0x96, 0x00, 0x00, 0x00,
    0x00, 0x00, 0x00, 0x20, 0x00, 0x00, 0x00, 0x00, 0x00, 0x00, 0x00, 0x00, 0x00, 0x00, 0x1E, 0xCC,
    0x7D, 0x00, 0x00, 0x00, 0x00, 0x00, 0x00, 0x00, 0x00, 0x00, 0x00, 0x00, 0x00, 0x00, 0x00, 0x00,
    0x00, 0x00, 0x00, 0x2C, 0x22, 0x00, 0x00, 0x00, 0x00, 0x00, 0x00, 0x00, 0x00, 0x00, 0x00, 0x00,
    0x00, 0x00, 0x00, 0x00, 0x00, 0x00, 0x00, 0xF5, 0xC4, 0x00, 0x00, 0x00, 0x00, 0x00, 0x00, 0x00,
    0x00, 0x00, 0x00, 0x00, 0x00, 0x00, 0x00, 0x00, 0x00, 0x00, 0x00, 0xE4, 0xBE, 0x00, 0x00, 0x00,
    0x00, 0x00, 0x00, 0x00, 0x00, 0x00, 0x00, 0x00, 0x00, 0x00, 0x00, 0x00, 0x00, 0x00, 0x00, 0xDE,
    0xBF, 0x00, 0x00, 0x00, 0x00, 0x00, 0x00, 0x00, 0x00, 0x00, 0x00, 0x00, 0x00, 0x00, 0x00, 0x00,
    0x00, 0x00, 0x00, 0xDC, 0xCF, 0x00, 0x00, 0x00, 0x00, 0x09, 0x50, 0x00, 0x00, 0x00, 0x00, 0x28,
    0x36, 0x2F, 0x2C, 0x2C, 0x2C, 0x29, 0x00, 0xDC, 0xF1, 0x02, 0x00, 0x00, 0x00, 0x96, 0xFD, 0x5C,
    0x00, 0x00, 0x00, 0xAC, 0xFF, 0xFF, 0xFF, 0xFF, 0xFF, 0xD1, 0x00, 0xDC, 0xFF, 0x44, 0x00, 0x00,
    0x7B, 0xFF, 0xC5, 0x1A, 0x00, 0x00, 0x00, 0x3E, 0x4B, 0x3F, 0x3C, 0x44, 0xFC, 0x98, 0x00, 0xDC,
    0xFF, 0xBF, 0x01, 0x86, 0xFF, 0x99, 0x05, 0x00, 0x00, 0x00, 0x00, 0x00, 0x00, 0x00, 0x00, 0x4D,
    0xFF, 0x52, 0x00, 0xDC, 0xDE, 0xFF, 0xCA, 0xFE, 0x79, 0x00, 0x00, 0x00, 0x00, 0x00, 0x00, 0x00,
    0x00, 0x00, 0x00, 0x9D, 0xF6, 0x0C, 0x00, 0xDC, 0xB4, 0xB4, 0xFF, 0x60, 0x00, 0x00, 0x00, 0x00,
    0x00, 0x00, 0x00, 0x00, 0x00, 0x00, 0x19, 0xF6, 0xA0, 0x00, 0x00, 0xDC, 0xB4, 0x35, 0xFD, 0x7D,
    0x00, 0x00, 0x00, 0x00, 0x00, 0x00, 0x00, 0x00, 0x00, 0x00, 0x93, 0xFE, 0x31, 0x00, 0x00, 0xDC,
    0xB4, 0x00, 0x92, 0xFA, 0x3E, 0x00, 0x00, 0x00, 0x00, 0x00, 0x00, 0x00, 0x00, 0x3D, 0xFB, 0xA7,
    0x00, 0x00, 0x00, 0xDC, 0xB4, 0x00, 0x0C, 0xDD, 0xEE, 0x33, 0x00, 0x00, 0x00, 0x00, 0x00, 0x00,
    0x1A, 0xE8, 0xF0, 0x1C, 0x00, 0x00, 0x00, 0xDC, 0xB4, 0x00, 0x00, 0x2C, 0xF0, 0xF6, 0x5F, 0x00,
    0x00, 0x00, 0x00, 0x27, 0xDD, 0xFE, 0x51, 0x00, 0x00, 0x00, 0x00, 0xDC, 0xB4, 0x00, 0x00, 0x00,
    0x32, 0xE9, 0xFF, 0xBB, 0x4B, 0x01, 0x0F, 0xDD, 0xFF, 0x76, 0x00, 0x00, 0x00, 0x00, 0x00, 0xDC,
    0xB4, 0x00, 0x00, 0x00, 0x00, 0x1D, 0xC7, 0xFF, 0x90, 0x09, 0x00, 0x14, 0x68, 0x00, 0x00, 0x00,
    0x00, 0x00, 0x00, 0xE8, 0xB3, 0x00, 0x00, 0x00, 0x00, 0x00, 0x03, 0x59, 0x00, 0x00, 0x00, 0x00,
    0x00, 0x00, 0x00, 0x00, 0x09, 0xA5, 0xBD, 0xFF, 0x97, 0x00, 0x00, 0x00, 0x00, 0x00, 0x00, 0x00,
    0x00, 0x00, 0x00, 0x00, 0x00, 0x00, 0x00, 0x00, 0x00, 0xA7, 0xEE, 0x9F, 0x11, 0x00, 0x00, 0x00,
    0x00, 0x00, 0x00, 0x00, 0x00, 0x00, 0x00, 0x00, 0x00, 0x00, 0x00, 0x00, 0x00, 0x08, 0x00, 0x00,
    0x00, 0x00, 0x00, 0x00, 0x00, 0x00, 0x00, 0x00, 0x00, 0x00, 0x00, 0x00, 0x00, 0x00, 0x00, 0x00,
    0x00, 0x00, 0x00, 0x00, 0x1A, 0x2C, 0x05, 0x00, 0x00, 0x00, 0x00, 0x00, 0x00, 0x0F, 0x0E, 0x00,
    0x00, 0x00, 0x00, 0x00, 0x00, 0x00, 0x91, 0xFF, 0x18, 0x00, 0x00, 0x00, 0x00, 0x00, 0x00, 0xBC,
    0xDE, 0x37, 0x00, 0x28, 0x6B, 0x64, 0x60, 0x60, 0xB4, 0xFF, 0x69, 0x60, 0x61, 0x66, 0x6B, 0x00,
    0x00, 0x22, 0xD0, 0xFB, 0x72, 0x50, 0xD8, 0xD0, 0xCE, 0xCC, 0xE6, 0xFF, 0xCE, 0xCC, 0xCD, 0xD2,
    0xD4, 0x00, 0x00, 0x00, 0x0C, 0xBA, 0x80, 0x00, 0x04, 0x00, 0x00, 0x00, 0x84, 0xFF, 0x0C, 0x00,
    0x00, 0x00, 0x03, 0x00, 0x00, 0x00, 0x00, 0x03, 0x00, 0x00, 0xD0, 0xFD, 0xF6, 0xF4, 0xFA, 0xFF,
    0xF4, 0xF4, 0xF7, 0xFD, 0xBC, 0x00, 0x49, 0x46, 0x00, 0x00, 0x00, 0x00, 0x3B, 0x43, 0x3B, 0x38,
    0x9F, 0xFF, 0x41, 0x38, 0x3B, 0x42, 0x35, 0x00, 0xB9, 0xFF, 0xAC, 0x22, 0x08, 0x82, 0x7A, 0x76,
    0x74, 0x74, 0xBC, 0xFF, 0x7A, 0x74, 0x74, 0x79, 0x80, 0x64, 0x04, 0x78, 0xFA, 0xDF, 0x12, 0xC8,
    0xBF, 0xBC, 0xBA, 0xB8, 0xB8, 0xB8, 0xB8, 0xB8, 0xB9, 0xBF, 0xC5, 0x97, 0x00, 0x00, 0x35, 0x3D,
    0x00, 0x00, 0x14, 0x30, 0x30, 0x30, 0x30, 0x30, 0x30, 0x30, 0x30, 0x30, 0x0C, 0x00, 0x00, 0x00,
    0x00, 0x00, 0x00, 0x00, 0x66, 0xFF, 0xFC, 0xFC, 0xFC, 0xFC, 0xFC, 0xFC, 0xFD, 0xFF, 0x3C, 0x00,
    0x00, 0x00, 0x00, 0x3E, 0x16, 0x00, 0x5C, 0xFF, 0x24, 0x00, 0x00, 0x00, 0x00, 0x00, 0x60, 0xFF,
    0x33, 0x00, 0x00, 0x00, 0x00, 0xD1, 0xA9, 0x00, 0x58, 0xFF, 0xBB, 0xB0, 0xB0, 0xB0, 0xB0, 0xB0,
    0xCE, 0xFF, 0x30, 0x00, 0x00, 0x00, 0x4B, 0xFF, 0x35, 0x00, 0x58, 0xFF, 0x8E, 0x7C, 0x7C, 0x7C,
    0x7C, 0x7C, 0xAD, 0xFF, 0x30, 0x00, 0x00, 0x02, 0xD0, 0xAF, 0x00, 0x00, 0x58, 0xFF, 0x6F, 0x58,
    0x58, 0x58, 0x58, 0x58, 0x97, 0xFF, 0x30, 0x00, 0x00, 0x69, 0xFE, 0x2F, 0x00, 0x00, 0x58, 0xFF,
    0xDA, 0xD4, 0xD4, 0xD4, 0xD4, 0xD4, 0xE4, 0xFF, 0x30, 0x00, 0x1F, 0xF0, 0xAD, 0x00, 0x00, 0x00,
    0x5B, 0xFF, 0x24, 0x00, 0x00, 0x00, 0x00, 0x00, 0x60, 0xFF, 0x30, 0x00, 0x8F, 0xFE, 0x2D, 0x00,
    0x00, 0x00, 0x62, 0xFF, 0x24, 0x00, 0x00, 0x00, 0x00, 0x74, 0xDE, 0xFF, 0x23, 0x00, 0x02, 0x53,
    0x00, 0x00, 0x00, 0x00, 0x5B, 0xE0, 0x1F, 0x00, 0x00, 0x00, 0x00, 0x3C, 0xCA, 0x6A, 0x00, 0x00,
    0x00, 0x00, 0x00, 0x00, 0x00, 0x00, 0x00, 0x00, 0x00, 0x2C, 0x36, 0x00, 0x00, 0x0F, 0x40, 0x18,
    0x00, 0x00, 0x00, 0x00, 0x00, 0x49, 0x0B, 0x00, 0x00, 0x00, 0x00, 0x00, 0xAA, 0xD1, 0x00, 0x00,
    0x37, 0xFF, 0x59, 0x00, 0x00, 0x00, 0x00, 0x2F, 0xFC, 0xDA, 0x34, 0x04, 0x45, 0x3C, 0x38, 0xB5,
    0xD4, 0x38, 0x38, 0x5B, 0xFF, 0x76, 0x39, 0x41, 0x3C, 0x00, 0x00, 0x60, 0xF0, 0xFA, 0x49, 0xFF,
    0xFF, 0xFF, 0xFF, 0xFF, 0xFF, 0xFF, 0xFF, 0xFF, 0xFF, 0xFF, 0xFF, 0xD4, 0x00, 0x00, 0x00, 0x27,
    0x7B, 0x01, 0x16, 0x0D, 0x08, 0xA6, 0xC9, 0x08, 0x08, 0x32, 0xFF, 0x59, 0x0A, 0x12, 0x14, 0x00,
    0x00, 0x00, 0x00, 0x00, 0x00, 0x00, 0x00, 0x00, 0x75, 0x86, 0x00, 0x00, 0x1D, 0xAC, 0x3F, 0x00,
    0x00, 0x00, 0x00, 0x72, 0x41, 0x00, 0x00, 0x27, 0xAB, 0xA3, 0xA0, 0xA0, 0xA0, 0xA0, 0xA0, 0xA0,
    0xA0, 0xA0, 0xA0, 0xA7, 0x9F, 0x13, 0xDE, 0xFF, 0xA4, 0x16, 0x27, 0xAF, 0xA8, 0xA1, 0xA7, 0xFF,
    0xB8, 0xA0, 0xD6, 0xF1, 0xA0, 0xA0, 0xA8, 0x9F, 0x00, 0x08, 0x8B, 0xE8, 0x18, 0x00, 0x00, 0x00,
    0x00, 0x14, 0xFF, 0x40, 0x00, 0x90, 0xD8, 0x00, 0x00, 0x00, 0x00, 0x00, 0x00, 0x00, 0x12, 0x00,
    0x00, 0x61, 0x6C, 0x6C, 0x77, 0xFF, 0x91, 0x6C, 0xBF, 0xE8, 0x6C, 0x6C, 0x6C, 0x3F, 0x00, 0x00,
    0x00, 0x05, 0x56, 0x00, 0xE1, 0xF0, 0xD4, 0xDB, 0xFF, 0xDE, 0xD4, 0xF0, 0xF5, 0xD4, 0xD4, 0xFE,
    0x8F, 0x00, 0x00, 0x00, 0x5A, 0xFF, 0x31, 0xD9, 0xA8, 0x00, 0x45, 0xFF, 0x1D, 0x00, 0xBE, 0xAE,
    0x00, 0x00, 0xF8, 0x86, 0x00, 0x00, 0x02, 0xD4, 0xB7, 0x00, 0xD4, 0xA8, 0x00, 0x8B, 0xFF, 0x9E,
    0x07, 0xE8, 0x9B, 0x00, 0x00, 0xF8, 0x84, 0x00, 0x00, 0x5B, 0xFF, 0x36, 0x00, 0xD4, 0xA8, 0x0A,
    0xE9, 0xB6, 0xE9, 0xAC, 0xFF, 0xFD, 0x66, 0x00, 0xF8, 0x84, 0x00, 0x07, 0xDD, 0xB8, 0x00, 0x00,
    0xD4, 0xA8, 0x80, 0xFF, 0x32, 0x2E, 0xBC, 0xE4, 0x7F, 0xFF, 0x61, 0xF8, 0x84, 0x00, 0x8C, 0xFF,
    0x3D, 0x00, 0x00, 0xD4, 0xAB, 0xB3, 0xAF, 0x00, 0x50, 0xFF, 0x6F, 0x00, 0x87, 0x1F, 0xF8, 0x84,
    0x17, 0xF0, 0xC7, 0x00, 0x00, 0x00, 0xD7, 0xA8, 0x00, 0x0C, 0x00, 0x34, 0xB3, 0x06, 0x00, 0x00,
    0x08, 0xFB, 0x84, 0x00, 0x26, 0x43, 0x00, 0x00, 0x00, 0xDE, 0xA8, 0x00, 0x00, 0x00, 0x00, 0x00,
    0x00, 0x15, 0xA8, 0xD4, 0xFF, 0x6C, 0x00, 0x00, 0x00, 0x00, 0x00, 0x00, 0xC8, 0x93, 0x00, 0x00,
    0x00, 0x00, 0x00, 0x00, 0x00, 0xAF, 0xD8, 0x8B, 0x08, 0x00, 0x00, 0x00, 0x00, 0x00, 0x00, 0x00,
    0x00, 0x04, 0x40, 0x28, 0x00, 0x00, 0x00, 0x00, 0x00, 0x00, 0x00, 0x00, 0x00, 0x00, 0x00, 0x3A,
    0x05, 0x00, 0x00, 0x0C, 0xFF, 0x9A, 0x00, 0x00, 0x00, 0x00, 0x00, 0x00, 0x00, 0x00, 0x00, 0x00,
    0x07, 0xFB, 0xAD, 0x00, 0x00, 0x02, 0xFF, 0x91, 0x00, 0x00, 0x00, 0x00, 0x00, 0x00, 0x00, 0x00,
    0x00, 0x00, 0x48, 0xFF, 0x52, 0x00, 0x00, 0x00, 0xFF, 0x90, 0x00, 0x00, 0x00, 0x00, 0x00, 0x00,
    0x00, 0x00, 0x00, 0x00, 0x9D, 0xEF, 0x0D, 0x08, 0x08, 0x08, 0xFF, 0x93, 0x08, 0x08, 0x08, 0x0E,
    0x15, 0x09, 0x00, 0x00, 0x00, 0x15, 0xF5, 0xFF, 0xFF, 0xFF, 0xFF, 0xFF, 0xFF, 0xFF, 0xFF, 0xFF,
    0xFF, 0xFF, 0xFF, 0x58, 0x00, 0x00, 0x00, 0x86, 0xFF, 0x65, 0x4C, 0x4C, 0x4C, 0x4C, 0xFF, 0xB1,
    0x4C, 0x4C, 0x4D, 0x56, 0x5D, 0x20, 0x00, 0x00, 0x2B, 0xF8, 0xB5, 0x00, 0x00, 0x00, 0x00, 0x00,
    0xFF, 0x90, 0x00, 0x00, 0x00, 0x00, 0x00, 0x00, 0x00, 0x00, 0xB0, 0xFB, 0x2C, 0x00, 0x00, 0x00,
    0x00, 0x00, 0xFF, 0x90, 0x00, 0x00, 0x00, 0x00, 0x00, 0x00, 0x00, 0x00, 0x03, 0x36, 0x00, 0x00,
    0x00, 0x00, 0x00, 0x00, 0xFF, 0x90, 0x00, 0x00, 0x00, 0x00, 0x00, 0x00, 0x00, 0x10, 0x10, 0x0C,
    0x08, 0x04, 0x04, 0x04, 0x04, 0x04, 0xFF, 0x91, 0x04, 0x04, 0x05, 0x07, 0x0A, 0x0F, 0x14, 0xC0,
    0xFF, 0xFF, 0xFF, 0xFF, 0xFF, 0xFF, 0xFF, 0xFF, 0xFF, 0xFF, 0xFF, 0xFF, 0xFF, 0xFF, 0xFF, 0xFF,
    0xFC, 0x4A, 0x62, 0x5F, 0x5C, 0x56, 0x50, 0x50, 0x50, 0x50, 0xFF, 0xB3, 0x50, 0x50, 0x52, 0x54,
    0x57, 0x5C, 0x5F, 0x00, 0x00, 0x00, 0x00, 0x00, 0x00, 0x00, 0x00, 0x01, 0xFF, 0x90, 0x00, 0x00,
    0x00, 0x00, 0x00, 0x00, 0x00, 0x00, 0x00, 0x00, 0x00, 0x00, 0x00, 0x00, 0x00, 0x03, 0xFF, 0x90,
    0x00, 0x00, 0x00, 0x00, 0x00, 0x00, 0x00, 0x00, 0x00, 0x00, 0x00, 0x00, 0x00, 0x00, 0x00, 0x04,
    0xFF, 0x90, 0x00, 0x00, 0x00, 0x00, 0x00, 0x00, 0x00, 0x00, 0x00, 0x00, 0x00, 0x00, 0x00, 0x00,
    0x00, 0x07, 0xFF, 0x90, 0x00, 0x00, 0x00, 0x00, 0x00, 0x00, 0x00, 0x00, 0x00, 0x00, 0x00, 0x00,
    0x00, 0x00, 0x00, 0x0C, 0xFF, 0x94, 0x00, 0x00, 0x00, 0x00, 0x00, 0x00, 0x00, 0x00, 0x00, 0x00,
    0x00, 0x00, 0x00, 0x00, 0x00, 0x11, 0xFF, 0x9E, 0x00, 0x00, 0x00, 0x00, 0x00, 0x00, 0x00, 0x00,
    0x00, 0x00, 0x00, 0x00, 0x00, 0x00, 0x00, 0x00, 0x08, 0x05, 0x00, 0x00, 0x00, 0x00, 0x00, 0x00,
    0x00, 0x00, 0x00, 0x00, 0x00, 0x00, 0x00, 0x00, 0x0F, 0x00, 0x00, 0x17, 0x4D, 0x01, 0x00, 0x00,
    0x00, 0x00, 0x00, 0x00, 0x00, 0x00, 0x61, 0x2A, 0x00, 0x00, 0x48, 0xEA, 0x3C, 0x00, 0x73, 0xFF,
    0x86, 0x00, 0x00, 0x00, 0x00, 0x00, 0x00, 0x00, 0x14, 0xF4, 0xE7, 0x22, 0x2B, 0xEB, 0xDD, 0x26,
    0x03, 0xD8, 0xE3, 0x0C, 0x00, 0x00, 0x00, 0x00, 0x00, 0x00, 0x00, 0x00, 0x38, 0xF0, 0xDC, 0xEA,
    0xD1, 0x16, 0x00, 0x63, 0xFF, 0xB5, 0x70, 0x70, 0x70, 0x70, 0x70, 0x70, 0x5B, 0x00, 0x00, 0x00,
    0x6B, 0xFF, 0xE9, 0x12, 0x00, 0x10, 0xE6, 0xF6, 0xE4, 0xE4, 0xE4, 0xE4, 0xE4, 0xE4, 0xFA, 0xC8,
    0x00, 0x00, 0x50, 0xF2, 0xFA, 0xFC, 0x15, 0x00, 0xAB, 0xFF, 0x4A, 0x00, 0x00, 0x00, 0x00, 0x00,
    0x00, 0xD2, 0xC1, 0x0F, 0x9C, 0xFF, 0xB7, 0x4C, 0xFF, 0x5A, 0x88, 0xFF, 0x9C, 0x00, 0x00, 0x00,
    0x00, 0x00, 0x00, 0x00, 0xD4, 0xBD, 0x05, 0xC6, 0x8C, 0x03, 0x05, 0xF5, 0x97, 0x90, 0xDA, 0x5C,
    0x74, 0x74, 0x74, 0x74, 0x69, 0x00, 0x00, 0xD5, 0xB9, 0x00, 0x07, 0x00, 0x00, 0x06, 0xE2, 0xC2,
    0x00, 0x08, 0xA9, 0xF9, 0xE0, 0xE0, 0xF2, 0xE0, 0x00, 0x00, 0xD7, 0xB5, 0x00, 0x00, 0x00, 0x00,
    0x91, 0xFF, 0xE8, 0x00, 0x00, 0xA4, 0xC8, 0x00, 0x00, 0x90, 0xDA, 0x00, 0x00, 0xD9, 0xB1, 0x00,
    0x00, 0x00, 0x6B, 0xFF, 0xEB, 0xFE, 0x03, 0x00, 0xA1, 0xC8, 0x00, 0x00, 0x90, 0xD8, 0x00, 0x00,
    0xDE, 0xAD, 0x00, 0x00, 0x66, 0xFD, 0xAF, 0x72, 0xFF, 0x13, 0x00, 0xA0, 0xC8, 0x00, 0x00, 0x90,
    0xD8, 0x00, 0x00, 0xEC, 0xA5, 0x04, 0x91, 0xFF, 0xB9, 0x07, 0x62, 0xFF, 0x1A, 0x00, 0xA1, 0xE5,
    0x88, 0x88, 0xCB, 0xD8, 0x00, 0x00, 0xF9, 0x99, 0x00, 0xA6, 0xA2, 0x05, 0x00, 0x5F, 0xFF, 0x18,
    0x00, 0xA4, 0xF4, 0xCC, 0xCC, 0xE9, 0xDB, 0x00, 0x06, 0xFF, 0x8E, 0x00, 0x07, 0x00, 0x00, 0x00,
    0x73, 0xFF, 0x09, 0x00, 0xA8, 0xC8, 0x00, 0x00, 0x90, 0xE2, 0x00, 0x13, 0xFF, 0x82, 0x00, 0x00,
    0x00, 0x00, 0x00, 0xB8, 0xE9, 0x00, 0x00, 0x68, 0x76, 0x00, 0x00, 0x12, 0x1D, 0x00, 0x25, 0xFF,
    0x76, 0x00, 0x00, 0x00, 0x1E, 0x96, 0xFF, 0xA7, 0x00, 0x00, 0x00, 0x00, 0x00, 0x00, 0x02, 0x32,
    0x2F, 0x92, 0xFF, 0x5E, 0x00, 0x00, 0x9B, 0xFF, 0xFF, 0xDF, 0x21, 0x00, 0x00, 0x00, 0x00, 0x00,
    0x00, 0x00, 0xC6, 0xFF, 0xFF, 0xF3, 0x18, 0x00, 0x00, 0x40, 0xB9, 0x65, 0x0A, 0x00, 0x00, 0x00,
    0x00, 0x00, 0x00, 0x00, 0x00, 0x61, 0xA7, 0x75, 0x23, 0x00, 0x00, 0x00, 0x00, 0x00, 0x00, 0x00,
    0x00, 0x00, 0x00, 0x00, 0x00, 0x31, 0x54, 0x03, 0x00, 0x00, 0x00, 0x00, 0x00, 0x00, 0x00, 0x00,
    0x40, 0x03, 0x00, 0x01, 0x8F, 0x13, 0x00, 0x00, 0x00, 0x92, 0xFE, 0x01, 0x00, 0x00, 0x0D, 0x00,
    0x00, 0x00, 0x00, 0x17, 0xF8, 0xAB, 0x03, 0x71, 0xFF, 0x69, 0x00, 0x00, 0x00, 0x89, 0xFA, 0x00,
    0x00, 0x00, 0xA8, 0xB0, 0x16, 0x00, 0x00, 0x00, 0x67, 0xFF, 0xBB, 0xFB, 0x73, 0x00, 0x52, 0xF2,
    0xEA, 0xF4, 0xFF, 0xEA, 0xF4, 0x39, 0xFE, 0xB3, 0x03, 0x00, 0x00, 0x00, 0x00, 0xA7, 0xFF, 0x8A,
    0x00, 0x00, 0x22, 0x62, 0x5B, 0xAF, 0xFA, 0x5E, 0x6D, 0xD0, 0xDB, 0x0E, 0x00, 0x00, 0x00, 0x00,
    0x74, 0xFE, 0xF5, 0x9E, 0x00, 0x00, 0x00, 0x00, 0x00, 0x84, 0xF8, 0x00, 0x85, 0xFB, 0x34, 0x00,
    0x00, 0x00, 0x12, 0xB4, 0xFF, 0x84, 0x7F, 0xEF, 0x01, 0x48, 0x42, 0x3D, 0x3C, 0xA1, 0xF9, 0x62,
    0xFE, 0xAC, 0x3F, 0x45, 0x4B, 0x0B, 0x02, 0xB7, 0x6E, 0x00, 0x48, 0xFF, 0x29, 0xF8, 0xFF, 0xFF,
    0xFF, 0xFF, 0xFF, 0xFF, 0xFF, 0xFF, 0xFF, 0xFF, 0xFF, 0x24, 0x00, 0x02, 0x00, 0x00, 0x28, 0xFF,
    0x54, 0x27, 0x21, 0x1A, 0x18, 0x1F, 0xCB, 0xF3, 0x3F, 0x18, 0x18, 0x1C, 0x25, 0x06, 0x00, 0x00,
    0x00, 0x00, 0xA8, 0xFF, 0x72, 0x00, 0x00, 0x06, 0x16, 0xBE, 0xF2, 0x42, 0x08, 0x08, 0x08, 0x06,
    0x00, 0x00, 0x00, 0x00, 0x00, 0x71, 0xE6, 0xE7, 0x86, 0x00, 0x00, 0xD4, 0xFF, 0xFF, 0xFF, 0xFF,
    0xFF, 0xFF, 0xFF, 0xCA, 0x00, 0x00, 0x00, 0x00, 0x61, 0xF8, 0x3E, 0xD8, 0x92, 0x00, 0x2A, 0xEB,
    0xC4, 0x38, 0x38, 0x38, 0x38, 0x38, 0xDD, 0xC1, 0x00, 0x00, 0x0B, 0x8D, 0xFE, 0x6F, 0x00, 0xD9,
    0x92, 0x5A, 0xF2, 0xFF, 0xB4, 0x00, 0x00, 0x00, 0x00, 0x00, 0xD4, 0xBC, 0x00, 0x00, 0x07, 0xC4,
    0x93, 0x00, 0x00, 0xE2, 0xAD, 0xFB, 0xD4, 0xDB, 0xF2, 0xD4, 0xD4, 0xD4, 0xD4, 0xD4, 0xF8, 0xBC,
    0x00, 0x00, 0x00, 0x16, 0x01, 0x00, 0x02, 0xF9, 0x6E, 0x59, 0x10, 0xC8, 0xDA, 0x80, 0x80, 0x80,
    0x80, 0x80, 0xEA, 0xBC, 0x00, 0x00, 0x00, 0x00, 0x00, 0x00, 0x33, 0xFF, 0x41, 0x00, 0x00, 0xC8,
    0xB4, 0x00, 0x00, 0x00, 0x00, 0x00, 0xD4, 0xBC, 0x00, 0x00, 0x00, 0x00, 0x00, 0x06, 0xB8, 0xF1,
    0x09, 0x00, 0x00, 0xCB, 0xDD, 0x8C, 0x8C, 0x8C, 0x8C, 0x8C, 0xEC, 0xBE, 0x00, 0x00, 0x00, 0x00,
    0x85, 0xDA, 0xFF, 0x76, 0x00, 0x00, 0x00, 0xCF, 0xE9, 0xB4, 0xB4, 0xB4, 0xB4, 0xB4, 0xF2, 0xC3,
    0x00, 0x00, 0x00, 0x00, 0x87, 0xE0, 0x64, 0x00, 0x00, 0x00, 0x00, 0xAC, 0x8F, 0x00, 0x00, 0x00,
    0x00, 0x00, 0x98, 0x92, 0x00, 0x00, 0x00, 0x00, 0x05, 0x00, 0x00, 0x00, 0x00, 0x00, 0x00, 0x00,
    0x00, 0x00, 0x00, 0x00, 0x00, 0x00, 0x00, 0x00, 0x00, 0x00, 0x00, 0x00, 0x00, 0x00, 0x00, 0x00,
    0x00, 0x00, 0x1B, 0x2A, 0x00, 0x00, 0x00, 0x00, 0x00, 0x00, 0x00, 0x00, 0x00, 0x00, 0x00, 0x04,
    0x69, 0x00, 0x00, 0x46, 0x7F, 0x00, 0x70, 0xFF, 0x48, 0x46, 0x81, 0x79, 0x78, 0x78, 0x6F, 0x00,
    0x00, 0x00, 0x00, 0x5E, 0xFF, 0x8C, 0x09, 0xD6, 0xEC, 0x1B, 0xA7, 0xE4, 0x03, 0x83, 0xF0, 0xDE,
    0xDC, 0xEF, 0xE0, 0x00, 0x00, 0x00, 0x00, 0x01, 0x8B, 0xFF, 0xCF, 0xE3, 0x22, 0x03, 0xED, 0x94,
    0x00, 0x00, 0x00, 0x00, 0x00, 0x93, 0xCE, 0x00, 0x00, 0x00, 0x00, 0x00, 0x04, 0xDD, 0xFC, 0x23,
    0x00, 0x40, 0xFF, 0x55, 0x18, 0x27, 0x20, 0x1C, 0x1C, 0xAF, 0xC6, 0x22, 0x2A, 0x0A, 0x00, 0x07,
    0xAC, 0xEF, 0xFF, 0x39, 0x00, 0xA4, 0xFF, 0x4C, 0x88, 0xFF, 0xFF, 0xFF, 0xFF, 0xFF, 0xFF, 0xFF,
    0xFF, 0x38, 0x1D, 0xD1, 0xEE, 0x30, 0xDE, 0x7F, 0x19, 0xF8, 0xFF, 0x4C, 0x1B, 0x6A, 0x68, 0x12,
    0x10, 0x10, 0x10, 0x13, 0x1C, 0x07, 0x05, 0xA7, 0x2A, 0x00, 0xA6, 0xB4, 0x9E, 0xE4, 0xF7, 0x4C,
    0x00, 0xAE, 0xD8, 0x02, 0x00, 0x00, 0x00, 0x00, 0x00, 0x00, 0x00, 0x00, 0x00, 0x00, 0x95, 0xDB,
    0x7C, 0x70, 0xF4, 0x4C, 0x12, 0xF7, 0xE3, 0xC0, 0xC0, 0xC0, 0xC5, 0xCE, 0x09, 0x00, 0x00, 0x00,
    0x00, 0x31, 0xFA, 0xF8, 0x01, 0x05, 0xF4, 0x4C, 0x87, 0xF4, 0x6C, 0x8A, 0xFF, 0x7E, 0x72, 0x7B,
    0x06, 0x00, 0x00, 0x00, 0x12, 0xDE, 0xCF, 0xFF, 0x0C, 0x00, 0xF4, 0x4C, 0x3D, 0x66, 0x00, 0x4A,
    0xFF, 0x0A, 0x00, 0x00, 0x00, 0x00, 0x00, 0x09, 0xC4, 0xD5, 0x42, 0xFF, 0x18, 0x00, 0xF4, 0x5E,
    0x6E, 0x66, 0x64, 0x9E, 0xF8, 0x64, 0x65, 0x6C, 0x72, 0x00, 0x14, 0xC3, 0xF1, 0x28, 0x35, 0xFF,
    0x1B, 0x00, 0xF4, 0x74, 0xFD, 0xF3, 0xF0, 0xFA, 0xFF, 0xFA, 0xF1, 0xF9, 0xFB, 0x00, 0x14, 0xE1,
    0x48, 0x00, 0x40, 0xFF, 0x12, 0x00, 0xF4, 0x4C, 0x00, 0x00, 0x00, 0xD7, 0xEA, 0xE0, 0x04, 0x00,
    0x01, 0x00, 0x00, 0x0E, 0x00, 0x00, 0x5D, 0xFA, 0x04, 0x00, 0xF4, 0x4C, 0x00, 0x00, 0x49, 0xFF,
    0x3F, 0xEF, 0x6F, 0x00, 0x00, 0x00, 0x00, 0x00, 0x00, 0x00, 0x9B, 0xD0, 0x00, 0x00, 0xF4, 0x4C,
    0x00, 0x1C, 0xE3, 0xAA, 0x00, 0x71, 0xFA, 0x56, 0x00, 0x00, 0x00, 0x00, 0x00, 0x41, 0xF9, 0x90,
    0x00, 0x00, 0xF6, 0x4E, 0x37, 0xDF, 0xDC, 0x15, 0x00, 0x02, 0xA8, 0xFF, 0xB6, 0x04, 0x00, 0x0E,
    0xC0, 0xFD, 0xF3, 0x21, 0x00, 0x00, 0xFE, 0x62, 0xE5, 0xDF, 0x23, 0x00, 0x00, 0x00, 0x03, 0x96,
    0x83, 0x00, 0x00, 0x00, 0xBE, 0xB9, 0x30, 0x00, 0x00, 0x03, 0xCC, 0x49, 0x33, 0x1A, 0x00, 0x00,
    0x00, 0x00, 0x00, 0x00, 0x06, 0x00, 0x00, 0x00, 0x04, 0x00, 0x00, 0x00, 0x00, 0x00, 0x00, 0x00,
    0x00, 0x00, 0x00, 0x00, 0x00, 0x00, 0x00, 0x00, 0x00, 0x00, 0x4E, 0x78, 0x78, 0x78, 0x78, 0x78,
    0x78, 0x78, 0x78, 0x78, 0x78, 0x78, 0x78, 0x78, 0x78, 0x4D, 0xA1, 0xFF, 0xDC, 0xDC, 0xDC, 0xDC,
    0xDC, 0xF2, 0xFA, 0xDC, 0xDC, 0xDC, 0xDC, 0xDC, 0xFF, 0xA0, 0x99, 0xFC, 0x00, 0x00, 0x00, 0x00,
    0x00, 0xA0, 0xDC, 0x00, 0x00, 0x00, 0x00, 0x00, 0xFC, 0x99, 0x94, 0xFC, 0x00, 0x00, 0x00, 0x00,
    0x00, 0xA0, 0xDC, 0x00, 0x00, 0x00, 0x00, 0x00, 0xFC, 0x94, 0x94, 0xFC, 0x00, 0x00, 0x00, 0x00,
    0x00, 0xA0, 0xDC, 0x00, 0x00, 0x00, 0x00, 0x00, 0xFC, 0x94, 0x94, 0xFE, 0x8C, 0x8C, 0x8C, 0x8C,
    0x8C, 0xD4, 0xEF, 0x8C, 0x8C, 0x8C, 0x8C, 0x8C, 0xFE, 0x94, 0x94, 0xFF, 0xC8, 0xC8, 0xC8, 0xC8,
    0xC8, 0xEB, 0xF8, 0xC8, 0xC8, 0xC8, 0xC8, 0xC8, 0xFF, 0x94, 0x94, 0xFC, 0x00, 0x00, 0x00, 0x00,
    0x00, 0xA0, 0xDC, 0x00, 0x00, 0x00, 0x00, 0x00, 0xFC, 0x94, 0x94, 0xFC, 0x00, 0x00, 0x00, 0x00,
    0x00, 0xA0, 0xDC, 0x00, 0x00, 0x00, 0x00, 0x00, 0xFC, 0x94, 0x94, 0xFC, 0x00, 0x00, 0x00, 0x00,
    0x00, 0xA0, 0xDC, 0x00, 0x00, 0x00, 0x00, 0x00, 0xFC, 0x94, 0x9A, 0xFE, 0xA0, 0xA0, 0xA0, 0xA0,
    0xA0, 0xDC, 0xF2, 0xA0, 0xA0, 0xA0, 0xA0, 0xA0, 0xFE, 0x99, 0xA1, 0xFE, 0xB4, 0xB4, 0xB4, 0xB4,
    0xB4, 0xE3, 0xF5, 0xB4, 0xB4, 0xB4, 0xB4, 0xB4, 0xFE, 0x9F, 0x84, 0xC8, 0x00, 0x00, 0x00, 0x00,
    0x00, 0xA0, 0xDC, 0x00, 0x00, 0x00, 0x00, 0x00, 0xC8, 0x83, 0x00, 0x00, 0x00, 0x00, 0x00, 0x00,
    0x00, 0xA0, 0xDC, 0x00, 0x00, 0x00, 0x00, 0x00, 0x00, 0x00, 0x00, 0x00, 0x00, 0x00, 0x00, 0x00,
    0x00, 0xA0, 0xDC, 0x00, 0x00, 0x00, 0x00, 0x00, 0x00, 0x00, 0x00, 0x00, 0x00, 0x00, 0x00, 0x00,
    0x00, 0xA2, 0xDE, 0x00, 0x00, 0x00, 0x00, 0x00, 0x00, 0x00, 0x00, 0x00, 0x00, 0x00, 0x00, 0x00,
    0x00, 0xA7, 0xE3, 0x00, 0x00, 0x00, 0x00, 0x00, 0x00, 0x00, 0x00, 0x00, 0x00, 0x00, 0x00, 0x00,
    0x00, 0xA7, 0xE0, 0x00, 0x00, 0x00, 0x00, 0x00, 0x00, 0x00, 0x00, 0x00, 0x00, 0x00, 0x00, 0x00,
    0x00, 0x60, 0x47, 0x00, 0x00, 0x00, 0x00, 0x00, 0x00, 0x00, 0x00, 0x00, 0x00, 0x00, 0x00, 0x00,
    0x00, 0xE4, 0xA7, 0x00, 0x00, 0x00, 0x00, 0x00, 0x00, 0x00, 0x00, 0x00, 0x00, 0x00, 0x00, 0x00,
    0x00, 0xDF, 0xA1, 0x00, 0x00, 0x00, 0x00, 0x00, 0x00, 0x00, 0x29, 0x48, 0x48, 0x48, 0x48, 0x48,
    0x48, 0xE6, 0xBB, 0x48, 0x48, 0x48, 0x48, 0x48, 0x48, 0x23, 0x8D, 0xFF, 0xFF, 0xFF, 0xFF, 0xFF,
    0xFF, 0xFF, 0xFF, 0xFF, 0xFF, 0xFF, 0xFF, 0xFF, 0xFF, 0x78, 0x84, 0xFF, 0x2E, 0x20, 0x20, 0x20,
    0x20, 0xE0, 0xAC, 0x20, 0x20, 0x20, 0x20, 0x3F, 0xFF, 0x6F, 0x80, 0xFF, 0x10, 0x00, 0x00, 0x00,
    0x00, 0xDC, 0xA0, 0x00, 0x00, 0x00, 0x00, 0x24, 0xFF, 0x6C, 0x80, 0xFF, 0x1F, 0x10, 0x10, 0x10,
    0x10, 0xDE, 0xA6, 0x10, 0x10, 0x10, 0x10, 0x31, 0xFF, 0x6C, 0x80, 0xFF, 0xFF, 0xFF, 0xFF, 0xFF,
    0xFF, 0xFF, 0xFF, 0xFF, 0xFF, 0xFF, 0xFF, 0xFF, 0xFF, 0x6C, 0x80, 0xFF, 0x62, 0x58, 0x58, 0x58,
    0x58, 0xE8, 0xC1, 0x58, 0x58, 0x58, 0x58, 0x6F, 0xFF, 0x6C, 0x80, 0xFF, 0x10, 0x00, 0x00, 0x00,
    0x00, 0xDC, 0xA0, 0x00, 0x00, 0x00, 0x00, 0x24, 0xFF, 0x6C, 0x80, 0xFF, 0x10, 0x00, 0x00, 0x00,
    0x00, 0xDC, 0xA0, 0x00, 0x00, 0x00, 0x00, 0x24, 0xFF, 0x6C, 0x81, 0xFF, 0xA2, 0x9C, 0x9C, 0x9C,
    0x9C, 0xF1, 0xDA, 0x9C, 0x9C, 0x9C, 0x9C, 0xAA, 0xFF, 0x6C, 0x88, 0xFF, 0xCF, 0xCC, 0xCC, 0xCC,
    0xCC, 0xF8, 0xEC, 0xCC, 0xCC, 0xCC, 0xCC, 0xD3, 0xFF, 0x70, 0x90, 0xFF, 0x10, 0x00, 0x00, 0x00,
    0x00, 0xDC, 0xA0, 0x00, 0x00, 0x00, 0x00, 0x20, 0xE4, 0x6D, 0x12, 0x20, 0x02, 0x00, 0x00, 0x00,
    0x00, 0xDC, 0xA0, 0x00, 0x00, 0x00, 0x00, 0x00, 0x00, 0x00, 0x00, 0x00, 0x00, 0x00, 0x00, 0x00,
    0x00, 0xDC, 0xA0, 0x00, 0x00, 0x00, 0x00, 0x00, 0x00, 0x00, 0x00, 0x00, 0x00, 0x00, 0x00, 0x00,
    0x00, 0xE0, 0xA4, 0x00, 0x00, 0x00, 0x00, 0x00, 0x00, 0x00, 0x00, 0x00, 0x00, 0x00, 0x00, 0x00,
    0x00, 0xEA, 0xAD, 0x00, 0x00, 0x00, 0x00, 0x00, 0x00, 0x00, 0x00, 0x00, 0x00, 0x00, 0x00, 0x00,
    0x00, 0x07, 0x05, 0x00, 0x00, 0x00, 0x00, 0x00, 0x00, 0x00, 0x00, 0x00, 0x00, 0x00, 0x00, 0x00,
    0x00, 0x00, 0x00, 0x00, 0x00, 0x05, 0x00, 0x00, 0x18, 0x00, 0x00, 0x00, 0x00, 0x00, 0x00, 0x00,
    0x2D, 0x31, 0x29, 0x28, 0x28, 0x28, 0x26, 0x00, 0x82, 0xDF, 0x00, 0x2A, 0xEC, 0x60, 0x00, 0x00,
    0x00, 0x00, 0x00, 0x00, 0xD0, 0xFF, 0xFF, 0xFF, 0xFF, 0xFF, 0xCB, 0x00, 0x5B, 0xFF, 0x65, 0xED,
    0xE4, 0x4D, 0x00, 0x00, 0x00, 0x00, 0x00, 0x00, 0x20, 0x1E, 0x19, 0x18, 0x19, 0xE7, 0x81, 0x00,
    0x11, 0xF9, 0xFF, 0xA6, 0x0F, 0x00, 0x2D, 0x2F, 0x00, 0x00, 0x00, 0x00, 0x00, 0x1D, 0x42, 0x00,
    0x41, 0xFF, 0x26, 0x00, 0x00, 0xAC, 0xE9, 0x08, 0x00, 0x43, 0xF0, 0xE2, 0x0F, 0x00, 0x00, 0x00,
    0x00, 0xC0, 0xEE, 0x1C, 0xC1, 0xBB, 0x00, 0x00, 0x00, 0x32, 0xFF, 0x80, 0x89, 0xFD, 0xAF, 0x1C,
    0x00, 0x00, 0x00, 0x00, 0x00, 0x1C, 0xEC, 0xDE, 0xFF, 0x39, 0x00, 0x00, 0x00, 0x00, 0xA1, 0xFF,
    0xF2, 0x60, 0x00, 0x00, 0x00, 0x00, 0x00, 0x00, 0x00, 0x00, 0x77, 0xFF, 0x99, 0x00, 0x00, 0x00,
    0x00, 0x00, 0x0C, 0xDC, 0xEF, 0x46, 0x00, 0x00, 0x00, 0x00, 0x00, 0x00, 0x00, 0x6C, 0xF9, 0xB1,
    0xF6, 0xED, 0xE8, 0xE8, 0xE8, 0xE8, 0xF3, 0xA8, 0xAA, 0xFF, 0xB6, 0x5B, 0x23, 0x05, 0x01, 0x49,
    0xC7, 0xFF, 0xA6, 0x07, 0x77, 0x6F, 0x6C, 0xEC, 0xBA, 0x6D, 0x76, 0x4A, 0x00, 0x60, 0xEC, 0xFF,
    0xD1, 0x0F, 0x22, 0xE7, 0xE9, 0x5E, 0x00, 0x00, 0x00, 0x00, 0x00, 0xE4, 0x7A, 0x00, 0x00, 0x00,
    0x00, 0x00, 0x0F, 0x79, 0x3A, 0x00, 0x00, 0x2D, 0x10, 0x1D, 0x1D, 0x16, 0x14, 0x14, 0x14, 0xF7,
    0x76, 0x14, 0x14, 0x14, 0x14, 0x17, 0x1F, 0x00, 0x00, 0x00, 0x00, 0x00, 0x00, 0xCC, 0xFF, 0xFF,
    0xFF, 0xFF, 0xFF, 0xFF, 0xFF, 0xFF, 0xFF, 0xFF, 0xFF, 0xFF, 0xF4, 0x00, 0x00, 0x00, 0x00, 0x00,
    0x00, 0x31, 0x37, 0x2F, 0x2C, 0x2C, 0xA9, 0xFF, 0xD0, 0x44, 0x2C, 0x2C, 0x2C, 0x30, 0x37, 0x00,
    0x00, 0x00, 0x00, 0x00, 0x00, 0x00, 0x00, 0x00, 0x00, 0x23, 0xF3, 0xC2, 0xF3, 0xEF, 0x67, 0x01,
    0x00, 0x00, 0x00, 0x00, 0x00, 0x00, 0x00, 0x00, 0x00, 0x00, 0x00, 0x00, 0x2E, 0xDD, 0xD1, 0x09,
    0x1E, 0xB6, 0xFF, 0xC5, 0x2B, 0x00, 0x00, 0x00, 0x00, 0x00, 0x00, 0x00, 0x00, 0x06, 0x4D, 0xAB,
    0xFC, 0xC0, 0x16, 0x00, 0x00, 0x00, 0x5D, 0xF0, 0xFA, 0x85, 0x08, 0x00, 0x00, 0x00, 0x00, 0x00,
    0xA9, 0xF9, 0xFF, 0xEB, 0x71, 0x04, 0x00, 0x00, 0x00, 0x00, 0x00, 0x20, 0xCC, 0xFF, 0x95, 0x00,
    0x00, 0x00, 0x00, 0x00, 0x49, 0xD1, 0x6C, 0x0D, 0x00, 0x00, 0x00, 0x00, 0x00, 0x00, 0x00, 0x00,
    0x0A, 0x77, 0x02, 0x00, 0x00, 0x00, 0x00, 0x00, 0x00, 0x00, 0x00, 0x02, 0x31, 0x00, 0x00, 0x00,
    0x00, 0x00, 0x00, 0x00, 0x00, 0x00, 0x00, 0x00, 0x00, 0x00, 0x00, 0x38, 0xFF, 0x92, 0x00, 0x00,
    0x00, 0x00, 0x00, 0x00, 0x00, 0x00, 0x00, 0x00, 0x00, 0x00, 0x00, 0x8B, 0xFC, 0x2D, 0x00, 0x00,
    0x00, 0x00, 0x00, 0x00, 0x00, 0x00, 0x00, 0x0C, 0x0C, 0x0C, 0x10, 0xEA, 0xA2, 0x0C, 0x0C, 0x0C,
    0x0C, 0x0C, 0x0C, 0x0C, 0x0C, 0x04, 0x03, 0xFF, 0xFF, 0xFF, 0xFF, 0xFF, 0xFF, 0xFF, 0xFF, 0xFF,
    0xFF, 0xFF, 0xFF, 0xFF, 0xFF, 0x52, 0x00, 0xFB, 0xB8, 0x48, 0x48, 0x48, 0x48, 0x48, 0x48, 0x48,
    0x48, 0x48, 0x48, 0x7E, 0xFF, 0x4A, 0x00, 0xF7, 0x9C, 0x00, 0x00, 0x00, 0x00, 0x00, 0x00, 0x00,
    0x00, 0x00, 0x00, 0x4C, 0xFF, 0x46, 0x00, 0xF4, 0x9C, 0x00, 0x00, 0x00, 0x00, 0x00, 0x00, 0x00,
    0x00, 0x00, 0x00, 0x4C, 0xFF, 0x44, 0x00, 0xF4, 0x9C, 0x00, 0x00, 0x00, 0x00, 0x00, 0x00, 0x00,
    0x00, 0x00, 0x00, 0x4C, 0xFF, 0x44, 0x00, 0xF4, 0xD5, 0x94, 0x94, 0x94, 0x94, 0x94, 0x94, 0x94,
    0x94, 0x94, 0x94, 0xB4, 0xFF, 0x44, 0x00, 0xF4, 0xEE, 0xD4, 0xD4, 0xD4, 0xD4, 0xD4, 0xD4, 0xD4,
    0xD4, 0xD4, 0xD4, 0xE1, 0xFF, 0x44, 0x00, 0xF4, 0x9C, 0x00, 0x00, 0x00, 0x00, 0x00, 0x00, 0x00,
    0x00, 0x00, 0x00, 0x4C, 0xFF, 0x44, 0x00, 0xF4, 0x9C, 0x00, 0x00, 0x00, 0x00, 0x00, 0x00, 0x00,
    0x00, 0x00, 0x00, 0x4C, 0xFF, 0x44, 0x00, 0xF4, 0x9C, 0x00, 0x00, 0x00, 0x00, 0x00, 0x00, 0x00,
    0x00, 0x00, 0x00, 0x4C, 0xFF, 0x44, 0x00, 0xF4, 0x9C, 0x00, 0x00, 0x00, 0x00, 0x00, 0x00, 0x00,
    0x00, 0x00, 0x00, 0x4C, 0xFF, 0x44, 0x00, 0xF6, 0xEB, 0xCC, 0xCC, 0xCC, 0xCC, 0xCC, 0xCC, 0xCC,
    0xCC, 0xCC, 0xCC, 0xDB, 0xFF, 0x45, 0x00, 0xF9, 0xD8, 0x9C, 0x9C, 0x9C, 0x9C, 0x9C, 0x9C, 0x9C,
    0x9C, 0x9C, 0x9C, 0xB9, 0xFF, 0x49, 0x00, 0xFF, 0x9C, 0x00, 0x00, 0x00, 0x00, 0x00, 0x00, 0x00,
    0x00, 0x00, 0x00, 0x4C, 0xFF, 0x4F, 0x03, 0xB8, 0x70, 0x00, 0x00, 0x00, 0x00, 0x00, 0x00, 0x00,
    0x00, 0x00, 0x00, 0x2A, 0x90, 0x30, 0x00, 0x00, 0x00, 0x00, 0x00, 0x00, 0x00, 0x03, 0x15, 0x00,
    0x00, 0x00, 0x2A, 0x58, 0x1E, 0x00, 0x00, 0x00, 0x00, 0x00, 0x00, 0x00, 0x00, 0x00, 0x07, 0x42,
    0x89, 0xE4, 0xCE, 0x0A, 0x00, 0x00, 0x65, 0xFF, 0x4E, 0x00, 0x00, 0x00, 0x00, 0x00, 0x00, 0x65,
    0x9F, 0xCB, 0xF9, 0xFF, 0xD7, 0x98, 0x5C, 0x14, 0x00, 0x00, 0x5E, 0xFF, 0x30, 0x00, 0x00, 0x00,
    0x00, 0x00, 0x00, 0x60, 0xB9, 0x87, 0x9F, 0xFF, 0x18, 0x00, 0x00, 0x00, 0x00, 0x00, 0x5B, 0xFF,
    0x20, 0x00, 0x00, 0x00, 0x00, 0x00, 0x00, 0x00, 0x00, 0x00, 0x64, 0xFF, 0x18, 0x00, 0x00, 0x00,
    0x00, 0x00, 0x59, 0xFF, 0x18, 0x00, 0x00, 0x00, 0x00, 0x00, 0x00, 0x00, 0x00, 0x00, 0x64, 0xFF,
    0x18, 0x00, 0x00, 0x5C, 0xCA, 0x26, 0x5E, 0xFF, 0x17, 0x00, 0x9D, 0xB5, 0x0F, 0x00, 0x00, 0x33,
    0x2C, 0x28, 0x7C, 0xFF, 0x3D, 0x2E, 0x2D, 0x7C, 0xFF, 0x17, 0x67, 0xFF, 0x19, 0x00, 0xE1, 0xD7,
    0x00, 0x00, 0x00, 0xFC, 0xFF, 0xFF, 0xFF, 0xFF, 0xFF, 0xFF, 0xD4, 0x8E, 0xF4, 0x00, 0x75, 0xFF,
    0x28, 0x17, 0xFF, 0x8B, 0x00, 0x00, 0x00, 0x25, 0x1C, 0x1B, 0xED, 0xFF, 0x2F, 0x1E, 0x20, 0xAE,
    0xD0, 0x00, 0x8F, 0xFF, 0x3D, 0x64, 0xFF, 0x41, 0x00, 0x00, 0x00, 0x00, 0x00, 0x3C, 0xFF, 0xFF,
    0x18, 0x08, 0x00, 0xD3, 0xAB, 0x00, 0xAC, 0xFF, 0x60, 0xB2, 0xF1, 0x05, 0x00, 0x00, 0x00, 0x00,
    0x00, 0xAA, 0xFF, 0xFF, 0x6B, 0xD9, 0x16, 0x48, 0x32, 0x00, 0xE3, 0xFF, 0x8F, 0x10, 0x36, 0x00,
    0x00, 0x00, 0x00, 0x00, 0x30, 0xFD, 0xC3, 0xFF, 0x3C, 0xE7, 0xCB, 0x0B, 0x00, 0x1E, 0xFF, 0xF2,
    0xD6, 0x00, 0x00, 0x00, 0x00, 0x00, 0x00, 0x05, 0xCF, 0xD3, 0x66, 0xFF, 0x18, 0x38, 0xFA, 0x81,
    0x00, 0x7B, 0xFF, 0x5E, 0xFF, 0x2F, 0x00, 0x00, 0x00, 0x00, 0x00, 0x9E, 0xFE, 0x46, 0x64, 0xFF,
    0x18, 0x00, 0x45, 0x05, 0x04, 0xE3, 0xC9, 0x01, 0xDE, 0xA5, 0x00, 0x00, 0x00, 0x00, 0x1A, 0xF3,
    0x87, 0x00, 0x64, 0xFF, 0x18, 0x00, 0x00, 0x00, 0x67, 0xFF, 0x59, 0x00, 0x70, 0xFC, 0x2F, 0x00,
    0x00, 0x00, 0x00, 0x48, 0x03, 0x00, 0x64, 0xFF, 0x18, 0x00, 0x00, 0x23, 0xEF, 0xCA, 0x01, 0x00,
    0x0A, 0xEA, 0xD2, 0x0B, 0x00, 0x00, 0x00, 0x00, 0x00, 0x00, 0x64, 0xFF, 0x18, 0x00, 0x1A, 0xD8,
    0xF5, 0x2E, 0x00, 0x00, 0x00, 0x56, 0xFF, 0xB8, 0x08, 0x00, 0x00, 0x00, 0x00, 0x00, 0x64, 0xFF,
    0x1B, 0x36, 0xE0, 0xFE, 0x58, 0x00, 0x00, 0x00, 0x00, 0x00, 0x9D, 0xFF, 0xC3, 0x13, 0x00, 0x00,
    0x00, 0x00, 0x64, 0xFF, 0x25, 0x48, 0xE3, 0x63, 0x00, 0x00, 0x00, 0x00, 0x00, 0x00, 0x03, 0xAD,
    0x78, 0x04, 0x00, 0x00, 0x00, 0x00, 0x03, 0x08, 0x01, 0x00, 0x09, 0x00, 0x00, 0x00, 0x00, 0x00,
    0x00, 0x00, 0x00, 0x02, 0x00, 0x00, 0x00, 0x00, 0x00, 0x00, 0x00, 0x00, 0x00, 0x00, 0x00, 0x00,
    0x00, 0x00, 0x00, 0x6B, 0x5D, 0x00, 0x00, 0x00, 0x00, 0x00, 0x00, 0x00, 0x00, 0x00, 0x27, 0x8D,
    0xA3, 0x01, 0x00, 0x00, 0x00, 0x00, 0xD4, 0xB8, 0x00, 0x00, 0x00, 0x00, 0x00, 0x49, 0x6F, 0x9B,
    0xD6, 0xFF, 0xF1, 0xBA, 0x30, 0x00, 0x00, 0x00, 0x00, 0xD0, 0xB2, 0x00, 0x00, 0x00, 0x00, 0x00,
    0x83, 0xF3, 0xBB, 0xCB, 0xF1, 0x03, 0x00, 0x00, 0x00, 0x00, 0x00, 0x00, 0xCD, 0xB0, 0x00, 0x00,
    0x00, 0x00, 0x00, 0x05, 0x02, 0x00, 0x8C, 0xF0, 0x00, 0x00, 0x00, 0x6C, 0x80, 0x80, 0x80, 0xE6,
    0xD8, 0x80, 0x80, 0x80, 0x5E, 0x00, 0x00, 0x00, 0x00, 0x8C, 0xF0, 0x00, 0x00, 0x00, 0xCE, 0xED,
    0xC0, 0xC0, 0xF3, 0xEC, 0xC0, 0xC0, 0xF4, 0xB2, 0x00, 0x1F, 0x18, 0x14, 0x95, 0xF1, 0x16, 0x1D,
    0x10, 0xCA, 0xB4, 0x00, 0x00, 0xCC, 0xB0, 0x00, 0x00, 0xD0, 0xAD, 0x00, 0xE8, 0xFF, 0xFF, 0xFF,
    0xFF, 0xFF, 0xFF, 0x70, 0xC8, 0xB4, 0x00, 0x00, 0xCC, 0xB0, 0x00, 0x00, 0xD0, 0xAC, 0x00, 0x32,
    0x2E, 0x3A, 0xFE, 0xF2, 0x2F, 0x36, 0x1B, 0xC8, 0xB4, 0x00, 0x00, 0xCC, 0xB0, 0x00, 0x00, 0xD0,
    0xAC, 0x00, 0x00, 0x00, 0x52, 0xFF, 0xF0, 0x2E, 0x68, 0x00, 0xC8, 0xB4, 0x00, 0x00, 0xCC, 0xB0,
    0x00, 0x00, 0xD0, 0xAC, 0x00, 0x00, 0x00, 0xB6, 0xFF, 0xF0, 0x8D, 0xFA, 0x28, 0xC8, 0xB4, 0x00,
    0x00, 0xCC, 0xB0, 0x00, 0x00, 0xD0, 0xAC, 0x00, 0x00, 0x32, 0xFF, 0xD7, 0xF0, 0x0E, 0xEE, 0xB0,
    0xC8, 0xE9, 0xB4, 0xB4, 0xF0, 0xE8, 0xB4, 0xB4, 0xF1, 0xAC, 0x00, 0x03, 0xCB, 0xDB, 0x8E, 0xF0,
    0x00, 0x5B, 0x2D, 0xCA, 0xDD, 0x8C, 0x8C, 0xE8, 0xDB, 0x8C, 0x8C, 0xEA, 0xAF, 0x00, 0x86, 0xFF,
    0x60, 0x8C, 0xF0, 0x00, 0x00, 0x00, 0xD4, 0xB4, 0x00, 0x00, 0xCC, 0xB0, 0x00, 0x00, 0xD0, 0xB9,
    0x0F, 0xF2, 0xCF, 0x02, 0x8C, 0xF0, 0x00, 0x00, 0x00, 0x5C, 0x4B, 0x00, 0x00, 0xCC, 0xB0, 0x00,
    0x00, 0x16, 0x14, 0x00, 0x59, 0x37, 0x00, 0x8C, 0xF0, 0x00, 0x00, 0x00, 0x00, 0x00, 0x00, 0x00,
    0xCC, 0xB0, 0x00, 0x00, 0x00, 0x00, 0x00, 0x00, 0x00, 0x00, 0x8D, 0xF0, 0x00, 0x00, 0x00, 0x00,
    0x00, 0x00, 0x00, 0xCE, 0xB1, 0x00, 0x00, 0x00, 0x00, 0x00, 0x00, 0x00, 0x00, 0x91, 0xF5, 0x00,
    0x00, 0x00, 0x00, 0x00, 0x00, 0x00, 0xD1, 0xB4, 0x00, 0x00, 0x00, 0x00, 0x00, 0x00, 0x00, 0x00,
    0x9B, 0xFD, 0x00, 0x00, 0x00, 0x00, 0x00, 0x00, 0x00, 0xDA, 0xBD, 0x00, 0x00, 0x00, 0x00, 0x00,
    0x00, 0x00, 0x00, 0x05, 0x08, 0x00, 0x00, 0x00, 0x00, 0x00, 0x00, 0x00, 0x29, 0x24, 0x00, 0x00,
    0x00, 0x00, 0x00, 0x00, 0x00, 0x00, 0x00, 0x00, 0x00, 0x07, 0x17, 0x00, 0x00, 0x00, 0x00, 0x00,
    0x00, 0x00, 0x00, 0x00, 0x00, 0x00, 0x00, 0x00, 0x00, 0x00, 0x09, 0xD8, 0xC1, 0x01, 0x00, 0x00,
    0x00, 0x00, 0x00, 0x00, 0x00, 0x00, 0x00, 0x00, 0x00, 0x00, 0x00, 0x00, 0x00, 0x8C, 0xFF, 0x64,
    0x00, 0x00, 0x00, 0x00, 0x00, 0x00, 0x00, 0x00, 0x00, 0x00, 0x00, 0x00, 0x00, 0x00, 0x00, 0x0C,
    0xEC, 0xA6, 0x00, 0x00, 0x00, 0x00, 0x00, 0x00, 0x00, 0x00, 0x00, 0x3C, 0x61, 0x5A, 0x58, 0x58,
    0x58, 0x58, 0x79, 0x58, 0x58, 0x58, 0x58, 0x58, 0x58, 0x60, 0x3C, 0x00, 0x00, 0x94, 0xFF, 0xFF,
    0xFC, 0xFC, 0xFC, 0xFC, 0xFC, 0xFC, 0xFC, 0xFC, 0xFC, 0xFC, 0xFF, 0xFF, 0x94, 0x00, 0x00, 0x07,
    0x06, 0x00, 0x00, 0x00, 0x00, 0x00, 0x00, 0x00, 0x00, 0x00, 0x00, 0x00, 0x00, 0x05, 0x07, 0x00,
    0x00, 0x00, 0x00, 0x04, 0x27, 0x00, 0x00, 0x00, 0x00, 0x00, 0x00, 0x00, 0x0C, 0xB0, 0x4E, 0x00,
    0x00, 0x00, 0x00, 0x00, 0x02, 0xD5, 0xDF, 0x04, 0x00, 0x00, 0x00, 0x00, 0x00, 0x00, 0x44, 0xFF,
    0xB2, 0x00, 0x00, 0x00, 0x00, 0x00, 0x00, 0x94, 0xFF, 0x5E, 0x00, 0x00, 0x00, 0x00, 0x00, 0x00,
    0x87, 0xFF, 0x43, 0x00, 0x00, 0x00, 0x00, 0x00, 0x00, 0x20, 0xFB, 0xD6, 0x01, 0x00, 0x00, 0x00,
    0x00, 0x00, 0xD1, 0xDF, 0x01, 0x00, 0x00, 0x00, 0x00, 0x00, 0x00, 0x00, 0xA3, 0xFF, 0x4C, 0x00,
    0x00, 0x00, 0x00, 0x20, 0xFF, 0x84, 0x00, 0x00, 0x00, 0x00, 0x00, 0x00, 0x00, 0x00, 0x33, 0xFF,
    0xBD, 0x00, 0x00, 0x00, 0x00, 0x77, 0xFF, 0x28, 0x00, 0x00, 0x00, 0x00, 0x00, 0x00, 0x00, 0x00,
    0x00, 0xC8, 0xFF, 0x29, 0x00, 0x00, 0x00, 0xCF, 0xCC, 0x00, 0x00, 0x00, 0x00, 0x00, 0x00, 0x00,
    0x00, 0x00, 0x00, 0x65, 0xFF, 0x8A, 0x00, 0x00, 0x33, 0xFF, 0x6E, 0x00, 0x00, 0x00, 0x00, 0x00,
    0x00, 0x00, 0x00, 0x00, 0x00, 0x0F, 0xDC, 0x64, 0x00, 0x00, 0x9C, 0xF6, 0x10, 0x00, 0x00, 0x00,
    0x00, 0x00, 0x60, 0x6D, 0x65, 0x64, 0x64, 0x64, 0x65, 0x64, 0x64, 0x65, 0xF5, 0xD1, 0x64, 0x64,
    0x64, 0x66, 0x6B, 0x68, 0xD4, 0xFF, 0xFF, 0xFF, 0xFF, 0xFF, 0xFF, 0xFF, 0xFF, 0xFF, 0xFF, 0xFF,
    0xFF, 0xFF, 0xFF, 0xFF, 0xFF, 0xE8, 0x11, 0x0E, 0x06, 0x04, 0x04, 0x04, 0x04, 0x04, 0x04, 0x04,
    0x04, 0x04, 0x04, 0x04, 0x04, 0x05, 0x0B, 0x12, 0x00, 0x00, 0x00, 0x00, 0x00, 0x05, 0x2F, 0x00,
    0x00, 0x00, 0x00, 0x00, 0x1A, 0x2A, 0x00, 0x00, 0x00, 0x00, 0x00, 0x00, 0x00, 0x00, 0x00, 0x00,
    0xB6, 0xF1, 0x19, 0x00, 0x00, 0x00, 0x00, 0x8F, 0xFF, 0x75, 0x00, 0x00, 0x00, 0x00, 0x00, 0x00,
    0x00, 0x00, 0x00, 0x3C, 0xFF, 0xA5, 0x00, 0x00, 0x00, 0x0B, 0xEE, 0xC9, 0x04, 0x00, 0x00, 0x00,
    0x00, 0x00, 0x00, 0x00, 0x00, 0x00, 0x00, 0xB6, 0xA4, 0x04, 0x00, 0x00, 0x75, 0xFD, 0x32, 0x00,
    0x00, 0x00, 0x00, 0x00, 0x00, 0x19, 0xCB, 0xC4, 0xBD, 0xBC, 0xBF, 0xBC, 0xBC, 0xBC, 0xBC, 0xEF,
    0xF3, 0xBC, 0xBC, 0xBD, 0xC1, 0xC4, 0x00, 0x00, 0x15, 0xA8, 0xA1, 0x9A, 0x98, 0x98, 0x98, 0x98,
    0xE9, 0xF1, 0x98, 0x98, 0x98, 0x98, 0x9A, 0xA1, 0xA3, 0x00, 0x00, 0x00, 0x00, 0x00, 0x00, 0x00,
    0x00, 0x00, 0x00, 0xC8, 0xDC, 0x00, 0x00, 0x00, 0x00, 0x00, 0x00, 0x00, 0x00, 0x00, 0x00, 0x00,
    0x00, 0x00, 0x00, 0x00, 0x00, 0x00, 0xC8, 0xDC, 0x00, 0x00, 0x00, 0x00, 0x00, 0x00, 0x00, 0x00,
    0x00, 0x00, 0x00, 0x19, 0x11, 0x0C, 0x0C, 0x0C, 0x0C, 0xCA, 0xDD, 0x0C, 0x0C, 0x0C, 0x0D, 0x13,
    0x11, 0x00, 0x00, 0x00, 0x00, 0x00, 0xF4, 0xFF, 0xFF, 0xFF, 0xFF, 0xFF, 0xFF, 0xFF, 0xFF, 0xFF,
    0xFF, 0xFF, 0xFF, 0xA4, 0x00, 0x00, 0x00, 0x00, 0x00, 0x40, 0x39, 0x35, 0x34, 0x34, 0x34, 0xD3,
    0xE3, 0x34, 0x34, 0x34, 0x35, 0x3B, 0x2B, 0x00, 0x00, 0x00, 0x00, 0x00, 0x00, 0x00, 0x00, 0x00,
    0x00, 0x00, 0xC8, 0xDC, 0x00, 0x00, 0x00, 0x00, 0x00, 0x00, 0x00, 0x00, 0x00, 0x00, 0x00, 0x00,
    0x00, 0x00, 0x00, 0x00, 0x00, 0xC8, 0xDC, 0x00, 0x00, 0x00, 0x00, 0x00, 0x00, 0x00, 0x00, 0x0F,
    0xF6, 0xED, 0xE8, 0xE8, 0xE8, 0xE8, 0xE8, 0xE8, 0xFA, 0xFC, 0xE8, 0xE8, 0xE8, 0xE8, 0xE8, 0xE8,
    0xED, 0xF2, 0x08, 0x7B, 0x71, 0x6D, 0x6C, 0x6C, 0x6C, 0x6C, 0x6C, 0xDF, 0xEB, 0x6C, 0x6C, 0x6C,
    0x6C, 0x6C, 0x6D, 0x71, 0x79, 0x00, 0x00, 0x00, 0x00, 0x00, 0x00, 0x00, 0x00, 0x00, 0xC8, 0xDC,
    0x00, 0x00, 0x00, 0x00, 0x00, 0x00, 0x00, 0x00, 0x00, 0x00, 0x00, 0x00, 0x00, 0x00, 0x00, 0x00,
    0x00, 0xC9, 0xDD, 0x00, 0x00, 0x00, 0x00, 0x00, 0x00, 0x00, 0x00, 0x00, 0x00, 0x00, 0x00, 0x00,
    0x00, 0x00, 0x00, 0x00, 0xCE, 0xE1, 0x00, 0x00, 0x00, 0x00, 0x00, 0x00, 0x00, 0x00, 0x00, 0x00,
    0x00, 0x00, 0x00, 0x00, 0x00, 0x00, 0x00, 0xD7, 0xEA, 0x00, 0x00, 0x00, 0x00, 0x00, 0x00, 0x00,
    0x00, 0x00, 0x00, 0x00, 0x00, 0x00, 0x00, 0x00, 0x00, 0x00, 0x06, 0x07, 0x00, 0x00, 0x00, 0x00,
    0x00, 0x00, 0x00, 0x00, 0x00, 0x6F, 0xB7, 0xB2, 0xB0, 0xB0, 0xB0, 0xB0, 0xB0, 0xB0, 0xB0, 0xB0,
    0xB0, 0xB0, 0xB2, 0xB7, 0x7E, 0x00, 0x00, 0x68, 0xAC, 0xA7, 0xA4, 0xA4, 0xA4, 0xF3, 0xA8, 0xA4,
    0xA4, 0xA4, 0xA4, 0xA4, 0xA7, 0xAB, 0x76, 0x00, 0x00, 0x00, 0x00, 0x00, 0x00, 0x00, 0x33, 0xFF,
    0xB9, 0x01, 0x00, 0x00, 0x00, 0x00, 0x00, 0x00, 0x00, 0x00, 0x00, 0x00, 0x00, 0x00, 0x00, 0x04,
    0xC7, 0xEF, 0x38, 0x00, 0x00, 0x13, 0x58, 0x00, 0x00, 0x00, 0x00, 0x00, 0x00, 0x00, 0x00, 0x00,
    0x00, 0x95, 0xF1, 0x35, 0x00, 0x00, 0x00, 0x8B, 0xFF, 0x69, 0x00, 0x00, 0x00, 0x00, 0x00, 0x00,
    0x00, 0x04, 0x93, 0xF1, 0x39, 0x00, 0x00, 0x00, 0x00, 0x05, 0xB2, 0xFE, 0x65, 0x00, 0x00, 0x00,
    0x00, 0x00, 0x49, 0xD2, 0xFF, 0xB2, 0x87, 0x8A, 0x91, 0x99, 0xA4, 0xAF, 0xC3, 0xFF, 0xFE, 0x5C,
    0x00, 0x00, 0x00, 0x00, 0x64, 0xFE, 0xE4, 0xCA, 0xB7, 0xA3, 0xE0, 0xED, 0x77, 0x68, 0x59, 0x4D,
    0xD9, 0xFB, 0x2B, 0x00, 0x00, 0x00, 0x06, 0x0F, 0x00, 0x00, 0x00, 0x00, 0xB4, 0xDC, 0x00, 0x00,
    0x00, 0x00, 0x1D, 0x60, 0x00, 0x00, 0x00, 0x00, 0x00, 0x00, 0x00, 0x00, 0x00, 0x00, 0xB4, 0xDC,
    0x00, 0x00, 0x00, 0x00, 0x00, 0x00, 0x00, 0x00, 0x00, 0x00, 0x3E, 0x95, 0x8D, 0x88, 0x88, 0x88,
    0xDC, 0xEF, 0x88, 0x88, 0x89, 0x8F, 0x95, 0x3E, 0x00, 0x00, 0x00, 0x00, 0x5A, 0xDA, 0xD2, 0xCC,
    0xCC, 0xCC, 0xF0, 0xF8, 0xCC, 0xCC, 0xCD, 0xD3, 0xDA, 0x5A, 0x00, 0x00, 0x00, 0x00, 0x00, 0x00,
    0x00, 0x00, 0x00, 0x00, 0xB4, 0xDC, 0x00, 0x00, 0x00, 0x00, 0x00, 0x00, 0x00, 0x00, 0x00, 0x00,
    0x00, 0x00, 0x00, 0x00, 0x00, 0x00, 0xB4, 0xDC, 0x00, 0x00, 0x00, 0x00, 0x00, 0x00, 0x00, 0x00,
    0x39, 0x57, 0x52, 0x50, 0x50, 0x50, 0x50, 0x50, 0xCB, 0xE7, 0x50, 0x50, 0x50, 0x50, 0x50, 0x52,
    0x57, 0x40, 0x98, 0xFF, 0xFF, 0xFF, 0xFF, 0xFF, 0xFF, 0xFF, 0xFF, 0xFF, 0xFF, 0xFF, 0xFF, 0xFF,
    0xFF, 0xFF, 0xFF, 0xAC, 0x0C, 0x0B, 0x06, 0x04, 0x04, 0x04, 0x04, 0x04, 0x04, 0x04, 0x04, 0x04,
    0x04, 0x04, 0x04, 0x07, 0x0B, 0x0D, 0x00, 0x00, 0x00, 0x00, 0x08, 0xF0, 0x96, 0x00, 0x00, 0x00,
    0x00, 0xCA, 0xD5, 0x00, 0x00, 0x00, 0x00, 0x00, 0x00, 0x00, 0x00, 0x00, 0x00, 0xFF, 0x97, 0x00,
    0x00, 0x00, 0x00, 0xC4, 0xDA, 0x00, 0x00, 0x00, 0x00, 0x00, 0xCC, 0xC8, 0xC1, 0xC0, 0xC0, 0xFF,
    0xE5, 0xC0, 0xC0, 0xC0, 0xC0, 0xEF, 0xF5, 0xC0, 0xC0, 0xC1, 0xC8, 0xCC, 0xA1, 0x9D, 0x95, 0x94,
    0x94, 0xFF, 0xD2, 0x94, 0x94, 0x94, 0x94, 0xE3, 0xEE, 0x94, 0x94, 0x95, 0x9D, 0xA1, 0x00, 0x00,
    0x00, 0x00, 0x04, 0xFF, 0x94, 0x00, 0x00, 0x00, 0x00, 0xBC, 0xDC, 0x00, 0x00, 0x00, 0x00, 0x00,
    0x00, 0x00, 0x00, 0x00, 0x08, 0xB0, 0x65, 0x21, 0x8C, 0x5F, 0x00, 0x72, 0x8B, 0x00, 0x00, 0x00,
    0x00, 0x00, 0x00, 0x00, 0x00, 0x00, 0x00, 0x00, 0x00, 0x1D, 0xFD, 0xC5, 0x00, 0x00, 0x00, 0x00,
    0x00, 0x00, 0x00, 0x00, 0x3B, 0x37, 0x34, 0x34, 0x34, 0x34, 0x34, 0x34, 0xD1, 0xFD, 0x40, 0x34,
    0x34, 0x34, 0x34, 0x35, 0x3D, 0x38, 0xE8, 0xFF, 0xFF, 0xFF, 0xFF, 0xFF, 0xFF, 0xFF, 0xFF, 0xFF,
    0xFF, 0xFF, 0xFF, 0xFF, 0xFF, 0xFF, 0xFF, 0xD4, 0x3A, 0x32, 0x23, 0xCF, 0xE0, 0x20, 0x20, 0x20,
    0x20, 0x20, 0x20, 0x20, 0x20, 0x20, 0x20, 0x22, 0x2A, 0x28, 0x00, 0x00, 0x00, 0xC8, 0xDC, 0x00,
    0x00, 0x00, 0x00, 0x00, 0x00, 0x00, 0x00, 0x00, 0x00, 0x00, 0x00, 0x00, 0x00, 0x00, 0x00, 0xC8,
    0xDC, 0x00, 0x00, 0x00, 0x00, 0x00, 0x00, 0x00, 0x00, 0x00, 0x00, 0x00, 0x00, 0x00, 0x00, 0x00,
    0x00, 0xC8, 0xDC, 0x00, 0x00, 0x00, 0x00, 0x00, 0x00, 0x00, 0x00, 0x00, 0x00, 0x00, 0x00, 0x00,
    0x00, 0x00, 0x00, 0xC8, 0xDC, 0x00, 0x00, 0x00, 0x00, 0x00, 0x00, 0x00, 0x00, 0x00, 0x00, 0x00,
    0x00, 0x00, 0x00, 0x00, 0x00, 0xC9, 0xDC, 0x00, 0x00, 0x00, 0x00, 0x00, 0x00, 0x00, 0x00, 0x00,
    0x00, 0x00, 0x00, 0x00, 0x00, 0x00, 0x00, 0xD1, 0xEF, 0x8C, 0x8C, 0x8C, 0x8C, 0x8C, 0x8C, 0x8C,
    0x8C, 0x90, 0x97, 0x7D, 0x00, 0x00, 0x00, 0x00, 0x00, 0xBA, 0xDC, 0xDC, 0xDC, 0xDC, 0xDC, 0xDC,
    0xDC, 0xDC, 0xDC, 0xE1, 0xE7, 0xBD, 0x00, 0x00, 0x00, 0x00, 0x00, 0x00, 0x00, 0x00, 0x00, 0x00,
    0x24, 0x7C, 0x2E, 0x00, 0x00, 0x00, 0x00, 0x00, 0x00, 0x00, 0x00, 0x00, 0x00, 0x00, 0x00, 0x00,
    0x00, 0x00, 0x00, 0x00, 0x36, 0xFF, 0x63, 0x14, 0x14, 0x14, 0x16, 0x20, 0x30, 0x00, 0x00, 0x00,
    0x00, 0x00, 0x00, 0x00, 0x00, 0x00, 0x00, 0x00, 0x2C, 0xFF, 0xFF, 0xFF, 0xFF, 0xFF, 0xFF, 0xFF,
    0xF4, 0x00, 0x00, 0x00, 0x00, 0x00, 0x00, 0x00, 0x00, 0x00, 0x00, 0x00, 0x2C, 0xFF, 0x3F, 0x04,
    0x04, 0x04, 0x05, 0x0A, 0x12, 0x00, 0x00, 0x00, 0x00, 0x00, 0x35, 0x80, 0x80, 0x80, 0x80, 0x80,
    0x96, 0xFF, 0x9E, 0x80, 0x80, 0x80, 0x80, 0x80, 0x80, 0x80, 0x56, 0x00, 0x00, 0x00, 0x65, 0xFF,
    0xB7, 0xAC, 0xAC, 0xAC, 0xBA, 0xFF, 0xBF, 0xAC, 0xAC, 0xAC, 0xAC, 0xAC, 0xAF, 0xFF, 0x76, 0x00,
    0x00, 0x00, 0x5E, 0xFF, 0x22, 0x00, 0x00, 0x00, 0x2C, 0xFF, 0x3C, 0x00, 0x00, 0x00, 0x13, 0x00,
    0x49, 0xFF, 0x37, 0x00, 0x00, 0x00, 0x5B, 0xFF, 0x21, 0x22, 0x37, 0x48, 0x75, 0xFF, 0xAC, 0xAD,
    0xCE, 0xF1, 0xEB, 0x00, 0x32, 0x84, 0x06, 0x00, 0x00, 0x00, 0x59, 0xFF, 0x1F, 0xB2, 0xFF, 0xF3,
    0xDF, 0xFF, 0xC0, 0x92, 0x73, 0x57, 0x3A, 0x0A, 0x00, 0x00, 0x00, 0x00, 0x00, 0x00, 0x5A, 0xFF,
    0x1C, 0x16, 0x12, 0x00, 0x2C, 0xFF, 0x3F, 0x00, 0x00, 0x00, 0x00, 0x7C, 0xCA, 0x21, 0x00, 0x00,
    0x00, 0x00, 0x60, 0xFF, 0x16, 0x00, 0x00, 0x00, 0x1B, 0xFE, 0xDD, 0xA6, 0xA4, 0xA4, 0xA9, 0xF4,
    0xE3, 0x08, 0x00, 0x00, 0x00, 0x00, 0x6F, 0xFF, 0x0E, 0x00, 0x00, 0x00, 0x00, 0x40, 0x7F, 0x88,
    0x88, 0x88, 0x87, 0x74, 0x1F, 0x00, 0x00, 0x00, 0x00, 0x00, 0x84, 0xFB, 0x02, 0x00, 0x00, 0x30,
    0x74, 0x74, 0x74, 0x74, 0x74, 0x74, 0x18, 0x00, 0x00, 0x00, 0x00, 0x00, 0x00, 0x00, 0xA1, 0xE1,
    0x00, 0x00, 0x00, 0x6C, 0xFF, 0xBB, 0xB8, 0xB8, 0xCB, 0xFF, 0x2F, 0x00, 0x00, 0x00, 0x00, 0x00,
    0x00, 0x00, 0xD6, 0xB5, 0x00, 0x00, 0x00, 0x77, 0xFF, 0x05, 0x00, 0x00, 0x44, 0xFF, 0x26, 0x00,
    0x00, 0x00, 0x00, 0x00, 0x00, 0x23, 0xFF, 0x78, 0x00, 0x00, 0x00, 0x9D, 0xE3, 0x00, 0x00, 0x00,
    0x44, 0xFF, 0x24, 0x00, 0x00, 0x32, 0x12, 0x00, 0x00, 0x90, 0xFF, 0x22, 0x00, 0x00, 0x4E, 0xF7,
    0x91, 0x00, 0x00, 0x00, 0x44, 0xFF, 0x2D, 0x00, 0x00, 0xA0, 0xF9, 0x12, 0x21, 0xF9, 0xB3, 0x00,
    0x41, 0xBE, 0xFF, 0xCA, 0x10, 0x00, 0x00, 0x00, 0x33, 0xFF, 0xCF, 0x9C, 0xA9, 0xF9, 0xB0, 0x00,
    0x00, 0x2B, 0x2B, 0x00, 0x1E, 0xE6, 0x7B, 0x06, 0x00, 0x00, 0x00, 0x00, 0x00, 0x59, 0x8C, 0x90,
    0x90, 0x7F, 0x17, 0x00, 0x00, 0x00, 0x00, 0x00, 0x00, 0x03, 0x00, 0x00, 0x00, 0x00, 0x00, 0x00,
    0x00, 0x00, 0x00, 0x00, 0x00, 0x00, 0x00, 0x00, 0x00, 0x00, 0x00, 0x00, 0x48, 0x5E, 0x00, 0x00,
    0x00, 0x00, 0x00, 0x00, 0x00, 0x4B, 0x23, 0x00, 0x00, 0x00, 0x00, 0x00, 0x00, 0x00, 0x00, 0x00,
    0xAB, 0xD3, 0x00, 0x00, 0x00, 0x00, 0x00, 0x00, 0x30, 0xFE, 0xBB, 0x00, 0x00, 0x00, 0x00, 0x00,
    0x00, 0x00, 0x00, 0x00, 0xA5, 0xC1, 0x00, 0x00, 0x00, 0x00, 0x00, 0x00, 0x00, 0xA3, 0xF5, 0x20,
    0x00, 0x00, 0x00, 0x00, 0x00, 0x00, 0x00, 0x00, 0xA2, 0xB7, 0x00, 0x00, 0x00, 0x37, 0x48, 0x48,
    0x48, 0x66, 0x5A, 0x48, 0x48, 0x48, 0x48, 0x03, 0x00, 0x28, 0x44, 0x44, 0xBA, 0xC8, 0x44, 0x44,
    0x32, 0xC0, 0xFE, 0xF8, 0xF8, 0xF8, 0xF8, 0xF8, 0xF8, 0xFC, 0xFF, 0x06, 0x00, 0x93, 0xFB, 0xE8,
    0xF7, 0xF8, 0xE8, 0xF7, 0xBB, 0xB6, 0xC8, 0x00, 0x00, 0x00, 0x00, 0x00, 0x00, 0x80, 0xFE, 0x00,
    0x00, 0x8C, 0xD0, 0x00, 0xA0, 0xB4, 0x00, 0xA8, 0xB6, 0xB9, 0xC8, 0x00, 0x00, 0x00, 0x00, 0x00,
    0x00, 0x80, 0xFF, 0x05, 0x00, 0x88, 0xD0, 0x00, 0xA0, 0xB4, 0x00, 0xA8, 0xB1, 0x89, 0x8C, 0x81,
    0xB9, 0x00, 0x00, 0x00, 0x00, 0x50, 0xA0, 0x08, 0x00, 0x86, 0xD0, 0x00, 0xA0, 0xB4, 0x00, 0xA8,
    0xAD, 0x00, 0x00, 0xA3, 0xE4, 0x00, 0x00, 0x00, 0x00, 0x00, 0x00, 0x00, 0x00, 0x84, 0xD0, 0x00,
    0xA0, 0xB4, 0x00, 0xA8, 0xB0, 0x00, 0x00, 0x9A, 0xD4, 0x00, 0x00, 0x00, 0x67, 0x5A, 0x00, 0x00,
    0x00, 0x87, 0xEE, 0xA4, 0xDD, 0xE4, 0xA4, 0xE0, 0xB5, 0x00, 0x00, 0x98, 0xD0, 0x00, 0x10, 0x9D,
    0xFF, 0xD4, 0x0E, 0x00, 0x00, 0x89, 0xE9, 0x88, 0xD3, 0xDC, 0x88, 0xD6, 0xBA, 0x00, 0x00, 0x98,
    0xD6, 0x6D, 0xE9, 0xE7, 0x69, 0x04, 0x00, 0x00, 0x00, 0x90, 0xD0, 0x00, 0xA0, 0xB4, 0x00, 0x4E,
    0x60, 0x00, 0x00, 0x98, 0xFF, 0xEC, 0x76, 0x0A, 0x00, 0x00, 0x00, 0x00, 0x00, 0x60, 0x85, 0x00,
    0xA0, 0xB4, 0x00, 0x95, 0xE0, 0x03, 0x00, 0x98, 0xDD, 0x0D, 0x00, 0x00, 0x00, 0x00, 0x00, 0x00,
    0x00, 0x00, 0x00, 0x00, 0xA0, 0xB4, 0x00, 0x64, 0xFF, 0x48, 0x00, 0x98, 0xD0, 0x00, 0x00, 0x00,
    0x00, 0x00, 0x00, 0x00, 0x00, 0x00, 0x02, 0x28, 0xBB, 0xE0, 0xB9, 0xF1, 0xFF, 0xA7, 0x00, 0x98,
    0xD0, 0x00, 0x00, 0x00, 0x00, 0x86, 0x9E, 0x10, 0x28, 0xDC, 0xF7, 0xFF, 0xF4, 0xBA, 0x80, 0x48,
    0xCA, 0xF2, 0x09, 0x98, 0xDF, 0x02, 0x00, 0x00, 0x00, 0xBC, 0xF0, 0x05, 0x04, 0xD5, 0x8B, 0x3E,
    0x05, 0x00, 0x00, 0x00, 0x30, 0x12, 0x00, 0x7A, 0xFF, 0xE6, 0xD8, 0xD8, 0xE2, 0xFF, 0x96, 0x00,
    0x00, 0x00, 0x00, 0x00, 0x00, 0x00, 0x00, 0x00, 0x00, 0x00, 0x00, 0x06, 0x5F, 0x7B, 0x7C, 0x7C,
    0x7A, 0x64, 0x0D, 0x00, 0x00, 0x00, 0x00, 0x00, 0x60, 0x37, 0x00, 0x00, 0x00, 0x00, 0x00, 0x6D,
    0x58, 0x00, 0x00, 0x00, 0x00, 0x00, 0x00, 0x00, 0x00, 0x00, 0x00, 0x00, 0xE3, 0x7E, 0x00, 0x00,
    0x00, 0x00, 0x00, 0xD9, 0xAA, 0x00, 0x00, 0x00, 0x00, 0x00, 0x00, 0x00, 0x02, 0x1E, 0x14, 0x10,
    0xE0, 0x82, 0x18, 0x15, 0x06, 0x1D, 0x15, 0xD7, 0xA1, 0x10, 0x10, 0x10, 0x06, 0x00, 0x00, 0x00,
    0x10, 0xFF, 0xFF, 0xFF, 0xFF, 0xFF, 0xFF, 0xA8, 0x2C, 0xFF, 0xFF, 0xFF, 0xFF, 0xFF, 0xFF, 0xFF,
    0x60, 0x00, 0x00, 0x00, 0x04, 0x3A, 0x28, 0x1C, 0xDF, 0x89, 0x2F, 0x29, 0x0B, 0x39, 0x28, 0xE4,
    0x90, 0x1C, 0x4E, 0xFF, 0x52, 0x00, 0x00, 0x00, 0x00, 0x00, 0x00, 0x00, 0xDC, 0xAA, 0x7F, 0xA1,
    0x18, 0xCB, 0x81, 0xFC, 0x5F, 0x00, 0x2E, 0xFF, 0x4C, 0x00, 0x00, 0x00, 0x13, 0xB4, 0xD2, 0xF0,
    0xFF, 0xE4, 0xAA, 0x6F, 0x0F, 0x75, 0xEA, 0xFF, 0xB4, 0x28, 0x1A, 0xFF, 0x5C, 0x00, 0x00, 0x00,
    0x00, 0x9D, 0x76, 0x4C, 0xF3, 0x78, 0x00, 0x00, 0x00, 0x2C, 0xF2, 0xC6, 0xEA, 0xF9, 0x35, 0xF5,
    0x82, 0x3D, 0x66, 0x02, 0x00, 0x00, 0x00, 0x08, 0xF9, 0x77, 0x00, 0x06, 0x60, 0xED, 0xE0, 0x14,
    0x19, 0x9E, 0x00, 0xBD, 0xED, 0xD3, 0xF7, 0x11, 0x00, 0x00, 0x82, 0xF3, 0xFF, 0x51, 0x00, 0x45,
    0xF9, 0xD1, 0x22, 0x00, 0x00, 0x00, 0x00, 0x44, 0xFC, 0xFF, 0x89, 0x00, 0x00, 0x00, 0x28, 0x78,
    0x3F, 0x00, 0x00, 0x00, 0x2A, 0xAC, 0x95, 0x00, 0x00, 0x00, 0x00, 0x00, 0x3B, 0x61, 0x03, 0x00,
    0x00, 0x00, 0x00, 0x59, 0x8C, 0x8C, 0x8C, 0x8C, 0x8C, 0xF1, 0xE0, 0x8C, 0x8C, 0x8C, 0x8C, 0x8C,
    0x6D, 0x00, 0x00, 0x00, 0x00, 0x00, 0x00, 0xA1, 0xF1, 0xA0, 0xA0, 0xA0, 0xA0, 0xF2, 0xE3, 0xA0,
    0xA0, 0xA0, 0xA0, 0xE2, 0xC1, 0x00, 0x00, 0x00, 0x00, 0x00, 0x00, 0x9E, 0xD8, 0x00, 0x00, 0x00,
    0x00, 0xDC, 0xB4, 0x00, 0x00, 0x00, 0x00, 0xB0, 0xBA, 0x00, 0x00, 0x00, 0x00, 0x00, 0x00, 0x9D,
    0xF2, 0xA8, 0xA8, 0xA8, 0xA8, 0xF3, 0xE5, 0xA8, 0xA8, 0xA8, 0xA8, 0xE4, 0xC1, 0x00, 0x00, 0x00,
    0x00, 0x00, 0x00, 0xA1, 0xEC, 0x84, 0x84, 0x84, 0x84, 0xEE, 0xDB, 0x84, 0x84, 0x84, 0x90, 0x9F,
    0x67, 0x00, 0x00, 0x00, 0x00, 0x00, 0x00, 0x30, 0x40, 0x00, 0x00, 0x00, 0x00, 0xDC, 0xB4, 0x00,
    0x00, 0x05, 0xCB, 0xEB, 0x42, 0x00, 0x00, 0x00, 0x00, 0x6E, 0x8A, 0x8F, 0x94, 0x99, 0x9F, 0xA5,
    0xAB, 0xF4, 0xE8, 0xB4, 0xBD, 0xC8, 0xE5, 0xFF, 0xFC, 0x77, 0x00, 0x00, 0x00, 0x81, 0xE1, 0xCB,
    0xB4, 0xA1, 0x8D, 0x7C, 0x6D, 0x61, 0x57, 0x50, 0x48, 0x41, 0x39, 0x34, 0xBA, 0xE7, 0x2F, 0x00,
    0x00, 0x00, 0x00, 0x00, 0x00, 0x00, 0x00, 0x00, 0x00, 0x00, 0x00, 0x00, 0x00, 0x00, 0x00, 0x00,
    0x07, 0x10, 0x00, 0x00, 0x00, 0x00, 0x00, 0x00, 0x00, 0x00, 0x12, 0x00, 0x00, 0x00, 0x00, 0x00,
    0x09, 0x07, 0x00, 0x00, 0x00, 0x00, 0x00, 0x00, 0x00, 0x00, 0x00, 0x00, 0x00, 0x60, 0xF2, 0x85,
    0x02, 0x00, 0x00, 0x00, 0xB0, 0xCA, 0x21, 0x00, 0x00, 0x00, 0x00, 0x00, 0x00, 0x00, 0x00, 0x00,
    0x3B, 0xF4, 0xE4, 0x32, 0x00, 0x00, 0x00, 0x03, 0x86, 0xFD, 0xF1, 0x5D, 0x00, 0x00, 0x00, 0x00,
    0x00, 0x00, 0x00, 0x4A, 0xF1, 0xE0, 0x22, 0x00, 0x00, 0x26, 0x0E, 0x00, 0x00, 0x3F, 0xE2, 0xFF,
    0xAB, 0x15, 0x00, 0x00, 0x00, 0x04, 0x89, 0xFE, 0xDE, 0x1F, 0x00, 0x00, 0x07, 0xDD, 0xF5, 0x4E,
    0x00, 0x00, 0x11, 0xAC, 0xFF, 0xCD, 0x03, 0x00, 0x00, 0x3B, 0xEF, 0xD1, 0x1C, 0x00, 0x00, 0x00,
    0x7C, 0xFF, 0xE3, 0x03, 0x00, 0x00, 0x00, 0x00, 0x68, 0x2B, 0x00, 0x00, 0x00, 0x00, 0x2B, 0x0D,
    0x00, 0x00, 0x00, 0x32, 0xF6, 0xEF, 0xFD, 0x7E, 0x00, 0x00, 0x00, 0x00, 0x00, 0x00, 0x00, 0x00,
    0x00, 0x00, 0x00, 0x00, 0x00, 0x00, 0x23, 0xE4, 0xF2, 0x35, 0x82, 0xFF, 0x8F, 0x04, 0x00, 0x00,
    0x00, 0x00, 0x00, 0x00, 0x00, 0x00, 0x00, 0x00, 0x00, 0x37, 0xE5, 0xF6, 0x3E, 0x00, 0x00, 0x97,
    0xFF, 0xC9, 0x2C, 0x00, 0x00, 0x00, 0x00, 0x00, 0x00, 0x00, 0x00, 0x08, 0x81, 0xF9, 0xED, 0x3D,
    0x00, 0x00, 0x00, 0x00, 0x7B, 0xFE, 0xFC, 0xA0, 0x34, 0x00, 0x00, 0x00, 0x00, 0x13, 0x73, 0xE5,
    0xFF, 0xC6, 0x22, 0x00, 0x00, 0x00, 0x00, 0x00, 0x00, 0x48, 0xE4, 0xFF, 0xFF, 0xE4, 0x9E, 0x11,
    0x08, 0xD0, 0xFF, 0xF1, 0xDC, 0xDF, 0xDC, 0xDC, 0xDC, 0xDC, 0xDC, 0xDC, 0xDC, 0xDC, 0xE8, 0xA3,
    0xC3, 0xFF, 0xA5, 0x00, 0x00, 0x27, 0x90, 0x16, 0x96, 0xFF, 0x7A, 0x78, 0x78, 0x78, 0x78, 0x78,
    0x78, 0x9A, 0xFF, 0x56, 0x00, 0x2D, 0x21, 0x00, 0x00, 0x00, 0x00, 0x00, 0x90, 0xFF, 0x04, 0x00,
    0x00, 0x00, 0x00, 0x00, 0x00, 0x40, 0xFF, 0x52, 0x00, 0x00, 0x00, 0x00, 0x00, 0x00, 0x00, 0x00,
    0x8D, 0xFF, 0x04, 0x00, 0x00, 0x00, 0x00, 0x00, 0x00, 0x40, 0xFF, 0x50, 0x00, 0x00, 0x00, 0x00,
    0x00, 0x00, 0x00, 0x00, 0x8D, 0xFF, 0x07, 0x04, 0x04, 0x04, 0x04, 0x04, 0x04, 0x43, 0xFF, 0x51,
    0x00, 0x00, 0x00, 0x00, 0x00, 0x00, 0x00, 0x00, 0x90, 0xFF, 0xFF, 0xFF, 0xFF, 0xFF, 0xFF, 0xFF,
    0xFF, 0xFF, 0xFF, 0x53, 0x00, 0x00, 0x00, 0x00, 0x00, 0x00, 0x00, 0x00, 0x93, 0xFF, 0x52, 0x50,
    0x50, 0x50, 0x50, 0x50, 0x50, 0x7C, 0xFF, 0x58, 0x00, 0x00, 0x00, 0x00, 0x00, 0x00, 0x00, 0x00,
    0x9C, 0xFF, 0x04, 0x00, 0x00, 0x00, 0x00, 0x00, 0x00, 0x33, 0xCC, 0x4C, 0x00, 0x00, 0x00, 0x00,
    0x00, 0x00, 0x00, 0x00, 0x05, 0x08, 0x00, 0x00, 0x00, 0x00, 0x00, 0x00, 0x00, 0x00, 0x00, 0x00,
    0x00, 0x00, 0x00, 0x00, 0x00, 0x00, 0x00, 0x00, 0x00, 0x00, 0x00, 0x05, 0x48, 0x19, 0x00, 0x00,
    0x00, 0x00, 0x00, 0x00, 0x00, 0x00, 0x00, 0x00, 0x00, 0x00, 0x00, 0x00, 0x00, 0x00, 0x54, 0xFF,
    0x98, 0x00, 0x00, 0x00, 0x00, 0x00, 0x00, 0x00, 0x00, 0x00, 0x00, 0x00, 0x00, 0x00, 0x00, 0x00,
    0x00, 0x01, 0xD6, 0xEA, 0x09, 0x00, 0x00, 0x00, 0x00, 0x00, 0x00, 0x00, 0x00, 0x00, 0x84, 0x8D,
    0x86, 0x84, 0x84, 0x84, 0x84, 0xB1, 0x90, 0x84, 0x84, 0x84, 0x84, 0x88, 0x92, 0x91, 0x00, 0x00,
    0x00, 0xC8, 0xDA, 0xD4, 0xD0, 0xD0, 0xD0, 0xD0, 0xD0, 0xD0, 0xD0, 0xD0, 0xD0, 0xD0, 0xD1, 0xD6,
    0xD8, 0x00, 0x00, 0x00, 0x00, 0x00, 0x00, 0x02, 0x40, 0x04, 0x00, 0x00, 0x00, 0x00, 0x09, 0xAE,
    0x59, 0x01, 0x00, 0x00, 0x00, 0x00, 0x00, 0x00, 0x00, 0x00, 0x82, 0xFF, 0x56, 0x00, 0x00, 0x00,
    0x00, 0x5F, 0xFF, 0x9E, 0x00, 0x00, 0x00, 0x00, 0x00, 0x00, 0x00, 0x00, 0x00, 0x26, 0xFF, 0xBA,
    0x00, 0x00, 0x00, 0x00, 0xCF, 0xE4, 0x0E, 0x00, 0x00, 0x00, 0x00, 0x00, 0x3A, 0x43, 0x39, 0x34,
    0x34, 0xBA, 0x83, 0x34, 0x34, 0x34, 0x65, 0xFF, 0x8A, 0x34, 0x34, 0x36, 0x3C, 0x43, 0x04, 0xD4,
    0xFF, 0xFF, 0xFF, 0xFF, 0xFF, 0xFF, 0xFF, 0xFF, 0xFF, 0xFF, 0xFF, 0xFF, 0xFF, 0xFF, 0xFF, 0xFF,
    0xFF, 0x10, 0x27, 0x27, 0x21, 0x20, 0x20, 0x20, 0x20, 0x20, 0xCF, 0xCF, 0x20, 0x20, 0x20, 0x20,
    0x20, 0x22, 0x29, 0x30, 0x03, 0x00, 0x00, 0x00, 0x00, 0x00, 0x00, 0x00, 0x00, 0xC8, 0xC8, 0x00,
    0x00, 0x00, 0x00, 0x00, 0x00, 0x00, 0x00, 0x00, 0x00, 0x00, 0x00, 0x00, 0x00, 0x00, 0x00, 0x00,
    0xC8, 0xC8, 0x00, 0x00, 0x00, 0x00, 0x00, 0x00, 0x00, 0x00, 0x00, 0x0A, 0xE1, 0xD8, 0xD4, 0xD4,
    0xD4, 0xD4, 0xD4, 0xF6, 0xF6, 0xD4, 0xD4, 0xD4, 0xD4, 0xD9, 0xE3, 0xDF, 0x00, 0x00, 0x06, 0x7C,
    0x76, 0x6F, 0x6C, 0x6C, 0x6C, 0x6C, 0xDF, 0xDF, 0x6C, 0x6C, 0x6C, 0x6C, 0x6E, 0x72, 0x77, 0x00,
    0x00, 0x00, 0x00, 0x00, 0x00, 0x00, 0x00, 0x00, 0x00, 0xC9, 0xC8, 0x00, 0x00, 0x00, 0x00, 0x00,
    0x00, 0x00, 0x00, 0x00, 0x00, 0x00, 0x00, 0x00, 0x00, 0x00, 0x00, 0x00, 0xCC, 0xCA, 0x00, 0x00,
    0x00, 0x00, 0x00, 0x00, 0x00, 0x00, 0x00, 0x00, 0x00, 0x00, 0x00, 0x00, 0x00, 0x00, 0x00, 0xD0,
    0xCF, 0x00, 0x00, 0x00, 0x00, 0x00, 0x00, 0x00, 0x00, 0x00, 0x00, 0x00, 0x00, 0x00, 0x00, 0x00,
    0x00, 0x00, 0xD7, 0xD6, 0x00, 0x00, 0x00, 0x00, 0x00, 0x00, 0x00, 0x00, 0x00, 0x00, 0x00, 0x00,
    0x00, 0x00, 0x00, 0x00, 0x00, 0x06, 0x06, 0x00, 0x00, 0x00, 0x00, 0x00, 0x00, 0x00, 0x00, 0x00,
    0x00, 0x00, 0x00, 0x47, 0x64, 0x64, 0x64, 0x64, 0x64, 0x64, 0x64, 0x64, 0x64, 0x64, 0x64, 0x64,
    0x69, 0x5D, 0x00, 0x00, 0x00, 0x00, 0xB3, 0xFD, 0xDC, 0xDC, 0xDC, 0xDC, 0xDC, 0xDC, 0xDC, 0xDC,
    0xDC, 0xDC, 0xDC, 0xE1, 0xBF, 0x00, 0x00, 0x00, 0x00, 0xAE, 0xEC, 0x00, 0x00, 0x00, 0x00, 0x00,
    0x00, 0x00, 0x00, 0x00, 0x00, 0x00, 0x00, 0x00, 0x00, 0x00, 0x00, 0x00, 0xA9, 0xEC, 0x00, 0x00,
    0x00, 0x00, 0x00, 0x00, 0x00, 0x00, 0x00, 0x00, 0x00, 0x00, 0x00, 0x00, 0x00, 0x00, 0x00, 0xA7,
    0xEC, 0x00, 0x72, 0xD7, 0xCF, 0xCC, 0xCC, 0xCC, 0xCC, 0xCC, 0xCE, 0xD5, 0xAF, 0x00, 0x00, 0x00,
    0x00, 0x00, 0xA5, 0xEC, 0x00, 0x45, 0x80, 0x77, 0x74, 0x74, 0x74, 0x74, 0x74, 0x76, 0x7E, 0x69,
    0x00, 0x00, 0x00, 0x00, 0x00, 0xA7, 0xEC, 0x00, 0x00, 0x00, 0x00, 0x00, 0x00, 0x00, 0x00, 0x00,
    0x00, 0x00, 0x00, 0x00, 0x00, 0x00, 0x00, 0x00, 0xAB, 0xEC, 0x00, 0x00, 0x00, 0x00, 0x00, 0x00,
    0x00, 0x00, 0x00, 0x00, 0x00, 0x00, 0x02, 0x06, 0x00, 0x00, 0x00, 0xB5, 0xFF, 0xF8, 0xF8, 0xF8,
    0xF8, 0xF8, 0xF8, 0xF8, 0xF8, 0xF8, 0xF8, 0xF8, 0xFA, 0xFF, 0xC0, 0x00, 0x00, 0x00, 0xC6, 0xD9,
    0x48, 0x5F, 0xFF, 0x8A, 0x48, 0xC2, 0xC5, 0x48, 0x48, 0x48, 0x4D, 0x53, 0x53, 0x43, 0x00, 0x00,
    0x00, 0xE7, 0xAC, 0x00, 0x20, 0xFF, 0x5C, 0x00, 0x6A, 0xF1, 0x0C, 0x00, 0x00, 0x9A, 0xB9, 0x0C,
    0x00, 0x00, 0x00, 0x15, 0xFF, 0x86, 0x00, 0x20, 0xFF, 0x5C, 0x00, 0x11, 0xF5, 0x79, 0x00, 0x7D,
    0xFF, 0x9B, 0x09, 0x00, 0x00, 0x00, 0x58, 0xFF, 0x4A, 0x00, 0x20, 0xFF, 0x5C, 0x00, 0x00, 0x85,
    0xF7, 0xA5, 0xFD, 0x75, 0x00, 0x00, 0x00, 0x00, 0x00, 0xB4, 0xF8, 0x0B, 0x00, 0x20, 0xFF, 0x5C,
    0x00, 0x00, 0x09, 0xD0, 0xFF, 0x76, 0x00, 0x00, 0x00, 0x00, 0x00, 0x29, 0xFD, 0xA4, 0x00, 0x00,
    0x20, 0xFF, 0x5C, 0x07, 0x69, 0x1B, 0x1B, 0xD7, 0xF7, 0x7A, 0x09, 0x00, 0x00, 0x01, 0xC3, 0xFF,
    0x37, 0x00, 0x00, 0x2A, 0xFF, 0xB4, 0xE5, 0xFD, 0x3A, 0x00, 0x11, 0xAE, 0xFF, 0xEA, 0x88, 0x31,
    0x03, 0x68, 0xA2, 0x00, 0x00, 0x00, 0x81, 0xFF, 0xF6, 0x95, 0x24, 0x00, 0x00, 0x00, 0x00, 0x51,
    0xD8, 0xFF, 0x73, 0x00, 0x00, 0x00, 0x00, 0x00, 0x00, 0x27, 0x8C, 0x16, 0x00, 0x00, 0x00, 0x00,
    0x00, 0x00, 0x00, 0x01, 0x3E, 0x00, 0x31, 0x57, 0x50, 0x50, 0x50, 0x50, 0x50, 0x50, 0x50, 0x50,
    0x50, 0x50, 0x50, 0x50, 0x50, 0x54, 0x5B, 0x39, 0x84, 0xFF, 0xFF, 0xFF, 0xFF, 0xFF, 0xFF, 0xFF,
    0xFF, 0xFF, 0xFF, 0xFF, 0xFF, 0xFF, 0xFF, 0xFF, 0xFF, 0x98, 0x0A, 0x0B, 0x05, 0x04, 0x04, 0x04,
    0x82, 0xFC, 0x04, 0x04, 0xFC, 0x82, 0x04, 0x04, 0x04, 0x04, 0x04, 0x02, 0x00, 0x00, 0x00, 0x00,
    0x00, 0x00, 0x80, 0xFC, 0x00, 0x00, 0xFC, 0x80, 0x00, 0x00, 0x00, 0x00, 0x00, 0x00, 0x00, 0x0F,
    0x54, 0x54, 0x54, 0x54, 0xAA, 0xFD, 0x54, 0x54, 0xFD, 0xAA, 0x54, 0x54, 0x54, 0x54, 0x1C, 0x00,
    0x00, 0x29, 0xFF, 0xE7, 0xD8, 0xD8, 0xEF, 0xFB, 0xD8, 0xD8, 0xFF, 0xEC, 0xD8, 0xD8, 0xE0, 0xFF,
    0x50, 0x00, 0x00, 0x24, 0xFF, 0x60, 0x00, 0x00, 0xAD, 0xD0, 0x00, 0x00, 0xFC, 0x80, 0x00, 0x00,
    0x38, 0xFF, 0x4B, 0x00, 0x00, 0x20, 0xFF, 0x60, 0x00, 0x01, 0xE0, 0xAA, 0x00, 0x00, 0xFC, 0x80,
    0x00, 0x00, 0x38, 0xFF, 0x47, 0x00, 0x00, 0x1E, 0xFF, 0x60, 0x00, 0x4E, 0xFF, 0x63, 0x00, 0x00,
    0xFB, 0xBB, 0x27, 0x1C, 0x4D, 0xFF, 0x45, 0x00, 0x00, 0x1D, 0xFF, 0x60, 0x37, 0xED, 0xE6, 0x0E,
    0x00, 0x00, 0xC0, 0xFF, 0xFF, 0xFF, 0xFF, 0xFF, 0x44, 0x00, 0x00, 0x1C, 0xFF, 0x6F, 0xCA, 0xEB,
    0x33, 0x00, 0x00, 0x00, 0x05, 0x3E, 0x4C, 0x4C, 0x73, 0xFF, 0x44, 0x00, 0x00, 0x1D, 0xFF, 0x76,
    0x33, 0x40, 0x24, 0x24, 0x24, 0x24, 0x24, 0x24, 0x24, 0x24, 0x54, 0xFF, 0x43, 0x00, 0x00, 0x1D,
    0xFF, 0xFF, 0xFF, 0xFF, 0xFF, 0xFF, 0xFF, 0xFF, 0xFF, 0xFF, 0xFF, 0xFF, 0xFF, 0xFF, 0x44, 0x00,
    0x00, 0x1E, 0xFF, 0x71, 0x1C, 0x1C, 0x1C, 0x1C, 0x1C, 0x1C, 0x1C, 0x1C, 0x1C, 0x1C, 0x4D, 0xFF,
    0x47, 0x00, 0x00, 0x20, 0xFF, 0x60, 0x00, 0x00, 0x00, 0x00, 0x00, 0x00, 0x00, 0x00, 0x00, 0x00,
    0x38, 0xFF, 0x4B, 0x00, 0x00, 0x23, 0xFF, 0xF6, 0xF0, 0xF0, 0xF0, 0xF0, 0xF0, 0xF0, 0xF0, 0xF0,
    0xF0, 0xF0, 0xF3, 0xFF, 0x51, 0x00, 0x00, 0x28, 0xFF, 0x9E, 0x64, 0x64, 0x64, 0x64, 0x64, 0x64,
    0x64, 0x64, 0x64, 0x64, 0x86, 0xFF, 0x5B, 0x00, 0x00, 0x1D, 0xA4, 0x3D, 0x00, 0x00, 0x00, 0x00,
    0x00, 0x00, 0x00, 0x00, 0x00, 0x00, 0x1F, 0x90, 0x39, 0x00, 0x00, 0x00, 0x00, 0x00, 0x00, 0x00,
    0x00, 0x00, 0x00, 0x02, 0x59, 0x04, 0x00, 0x00, 0x00, 0x00, 0x00, 0x00, 0x00, 0x3C, 0x8C, 0x8C,
    0x8C, 0x8C, 0x8C, 0x21, 0x00, 0x00, 0x50, 0xFF, 0x6F, 0x00, 0x00, 0x00, 0x00, 0x00, 0x00, 0x00,
    0x6B, 0xFF, 0xCA, 0xC8, 0xEB, 0xEE, 0x07, 0x00, 0x02, 0xD0, 0xF6, 0x76, 0x74, 0x74, 0x74, 0x74,
    0x3D, 0x00, 0x00, 0x65, 0xFF, 0x0C, 0x00, 0xCC, 0x9B, 0x00, 0x00, 0x6B, 0xFF, 0xC6, 0xB8, 0xB8,
    0xB8, 0xEB, 0xFB, 0x27, 0x00, 0x00, 0x60, 0xFF, 0x0C, 0x15, 0xFD, 0x43, 0x00, 0x28, 0xF5, 0xFD,
    0xB8, 0x04, 0x00, 0x30, 0xF9, 0x88, 0x00, 0x00, 0x00, 0x5C, 0xFF, 0x0C, 0x64, 0xEB, 0x03, 0x16,
    0xDD, 0xD9, 0x40, 0xF9, 0xA2, 0x22, 0xDE, 0xC4, 0x07, 0x00, 0x00, 0x00, 0x5C, 0xFF, 0x0C, 0xBF,
    0x9B, 0x00, 0x04, 0x7F, 0x25, 0x00, 0x5A, 0xFE, 0xFA, 0xDE, 0x15, 0x00, 0x00, 0x00, 0x00, 0x5C,
    0xFF, 0x28, 0xFE, 0x57, 0x00, 0x00, 0x00, 0x00, 0x15, 0x94, 0xFE, 0xFE, 0xF0, 0x7F, 0x27, 0x01,
    0x00, 0x00, 0x5C, 0xFF, 0x0F, 0xC4, 0xC9, 0x04, 0x14, 0x52, 0xA5, 0xF6, 0xE9, 0x73, 0x4D, 0xA1,
    0xF3, 0xFF, 0xF0, 0xD2, 0x22, 0x5C, 0xFF, 0x0C, 0x23, 0xF6, 0x78, 0x99, 0xFF, 0xD7, 0x71, 0x0D,
    0x28, 0xFF, 0x41, 0x0B, 0x52, 0x92, 0x9D, 0x00, 0x5C, 0xFF, 0x0C, 0x00, 0x91, 0xEF, 0x16, 0x59,
    0x86, 0x7D, 0x7C, 0x8C, 0xFF, 0x99, 0x7C, 0x7F, 0x7A, 0x00, 0x00, 0x5C, 0xFF, 0x0C, 0x00, 0x6D,
    0xFF, 0x22, 0x46, 0xD1, 0xC7, 0xC4, 0xCA, 0xFF, 0xD5, 0xC4, 0xC8, 0xBC, 0x00, 0x00, 0x5C, 0xFF,
    0x19, 0x31, 0xC5, 0xFB, 0x21, 0x46, 0x13, 0x00, 0x00, 0x1C, 0xFF, 0x4C, 0x00, 0x00, 0x00, 0x00,
    0x00, 0x5C, 0xFF, 0x2F, 0xFE, 0xFF, 0x8B, 0x43, 0xFF, 0x45, 0x00, 0x00, 0x1C, 0xFF, 0x4C, 0x00,
    0x00, 0x00, 0x00, 0x00, 0x5C, 0xFF, 0x0C, 0x6E, 0x3C, 0x00, 0x6A, 0xFF, 0xD7, 0xD0, 0xD0, 0xD5,
    0xFF, 0xDE, 0xD0, 0xD0, 0xD4, 0xC9, 0x00, 0x5F, 0xFF, 0x0C, 0x00, 0x00, 0x00, 0x3C, 0x70, 0x70,
    0x70, 0x70, 0x7F, 0xFF, 0x9A, 0x70, 0x71, 0x74, 0x72, 0x00, 0x62, 0xFF, 0x0C, 0x00, 0x00, 0x00,
    0x00, 0x00, 0x00, 0x00, 0x00, 0x1C, 0xFF, 0x4C, 0x00, 0x00, 0x00, 0x00, 0x00, 0x68, 0xFF, 0x0C,
    0x00, 0x00, 0x00, 0x00, 0x00, 0x00, 0x00, 0x00, 0x24, 0xFF, 0x53, 0x00, 0x00, 0x00, 0x00, 0x00,
    0x5F, 0xE0, 0x0A, 0x00, 0x00, 0x00, 0x00, 0x00, 0x00, 0x00, 0x00, 0x26, 0xE0, 0x50, 0x00, 0x00,
    0x00, 0x00, 0x00, 0x38, 0x50, 0x40, 0x3C, 0x3C, 0x3C, 0x3C, 0x3C, 0x3C, 0x3C, 0x3C, 0x3C, 0x3C,
    0x3C, 0x3C, 0x46, 0x53, 0x4E, 0x98, 0xFF, 0xFF, 0xFF, 0xFF, 0xFF, 0xFF, 0xFF, 0xFF, 0xFF, 0xFF,
    0xFF, 0xFF, 0xFF, 0xFF, 0xFF, 0xFF, 0xD4, 0x18, 0x23, 0x1A, 0x18, 0x18, 0x18, 0x18, 0x18, 0x96,
    0xFF, 0x1B, 0x18, 0x18, 0x18, 0x18, 0x1B, 0x20, 0x21, 0x00, 0x00, 0x00, 0x00, 0x00, 0x00, 0x00,
    0x00, 0x8C, 0xFF, 0x04, 0x00, 0x00, 0x00, 0x00, 0x00, 0x00, 0x00, 0x00, 0x43, 0x68, 0x68, 0x68,
    0x68, 0x68, 0x68, 0xBB, 0xFF, 0x6A, 0x68, 0x68, 0x68, 0x68, 0x68, 0x68, 0x0C, 0x00, 0x9D, 0xFF,
    0xED, 0xEC, 0xEC, 0xEC, 0xEC, 0xF6, 0xFF, 0xEC, 0xEC, 0xEC, 0xEC, 0xEC, 0xF6, 0xFF, 0x1A, 0x00,
    0x90, 0xFF, 0x10, 0x00, 0x00, 0x00, 0x00, 0x8C, 0xFF, 0x04, 0x00, 0x00, 0x00, 0x00, 0x84, 0xFF,
    0x13, 0x00, 0x83, 0xFF, 0x10, 0x21, 0xB9, 0x19, 0x00, 0x8C, 0xFF, 0x04, 0x70, 0x88, 0x04, 0x00,
    0x84, 0xFF, 0x0D, 0x00, 0x80, 0xFF, 0x10, 0x3E, 0xED, 0xE2, 0x2A, 0x8C, 0xFF, 0x04, 0x90, 0xFF,
    0xC5, 0x15, 0x84, 0xFF, 0x0C, 0x00, 0x80, 0xFF, 0x10, 0x00, 0x26, 0xCB, 0x1D, 0x8C, 0xFF, 0x04,
    0x00, 0x5C, 0xC8, 0x05, 0x84, 0xFF, 0x0C, 0x00, 0x80, 0xFF, 0x10, 0x00, 0x00, 0x00, 0x00, 0x8C,
    0xFF, 0x04, 0x00, 0x00, 0x04, 0x00, 0x84, 0xFF, 0x0C, 0x00, 0x80, 0xFF, 0x10, 0x45, 0x68, 0x00,
    0x00, 0x8C, 0xFF, 0x04, 0x2C, 0x4D, 0x00, 0x00, 0x84, 0xFF, 0x0C, 0x00, 0x80, 0xFF, 0x10, 0x99,
    0xFF, 0x8E, 0x04, 0x8C, 0xFF, 0x04, 0xAF, 0xFD, 0x6E, 0x00, 0x84, 0xFF, 0x0C, 0x00, 0x80, 0xFF,
    0x10, 0x00, 0x85, 0xE1, 0x19, 0x8C, 0xFF, 0x04, 0x06, 0x9C, 0xDA, 0x0D, 0x84, 0xFF, 0x0C, 0x00,
    0x84, 0xFF, 0x10, 0x00, 0x00, 0x13, 0x00, 0x8C, 0xFF, 0x04, 0x00, 0x00, 0x13, 0x00, 0x85, 0xFF,
    0x0C, 0x00, 0x89, 0xFF, 0x10, 0x00, 0x00, 0x00, 0x00, 0x8C, 0xFF, 0x04, 0x00, 0x00, 0x10, 0x28,
    0xB6, 0xFF, 0x09, 0x00, 0x98, 0xFF, 0x10, 0x00, 0x00, 0x00, 0x00, 0x78, 0xDC, 0x03, 0x00, 0x00,
    0x3B, 0xFF, 0xFF, 0xDB, 0x00, 0x00, 0x42, 0x68, 0x06, 0x00, 0x00, 0x00, 0x00, 0x00, 0x00, 0x00,
    0x00, 0x00, 0x07, 0x88, 0x6C, 0x1D, 0x00, 0x00, 0x00, 0x94, 0x94, 0x8D, 0x8C, 0x8C, 0x8C, 0x8C,
    0x8C, 0x8C, 0x8C, 0x8C, 0x8C, 0x8F, 0x96, 0x36, 0x00, 0x00, 0x00, 0x93, 0x90, 0x8D, 0x8C, 0x8C,
    0x8C, 0xCB, 0xF8, 0x8C, 0x8C, 0x8C, 0x8C, 0x8F, 0x97, 0x36, 0x00, 0x00, 0x00, 0x00, 0x00, 0x00,
    0x00, 0x00, 0x00, 0x8C, 0xF0, 0x00, 0x00, 0x00, 0x00, 0x00, 0x00, 0x00, 0x00, 0x41, 0xF8, 0xF8,
    0xF8, 0xF8, 0xF8, 0xF8, 0xF8, 0xFC, 0xFF, 0xF8, 0xF8, 0xF8, 0xF8, 0xF8, 0xF8, 0xF8, 0xA1, 0x39,
    0xFF, 0x4D, 0x20, 0x20, 0x20, 0x20, 0x20, 0x9A, 0xF2, 0x20, 0x20, 0x20, 0x20, 0x20, 0x20, 0xC4,
    0x9C, 0x3A, 0xFF, 0x34, 0x36, 0x64, 0x64, 0x64, 0x14, 0x8C, 0xF0, 0x0C, 0x64, 0x64, 0x64, 0x4E,
    0x00, 0xBC, 0x9E, 0x2F, 0xB4, 0x24, 0x62, 0xB4, 0xB4, 0xB4, 0x24, 0x8C, 0xF0, 0x16, 0xB4, 0xB4,
    0xB4, 0x8C, 0x00, 0x84, 0x76, 0x00, 0x00, 0x00, 0x28, 0x34, 0x34, 0x34, 0x16, 0x8C, 0xF4, 0x02,
    0x34, 0x34, 0x34, 0x34, 0x08, 0x00, 0x00, 0x00, 0x00, 0x00, 0xB2, 0xE4, 0xE4, 0xE4, 0x63, 0x7C,
    0xE1, 0x0B, 0xE4, 0xE4, 0xE4, 0xE4, 0x27, 0x00, 0x00, 0x00, 0x00, 0x00, 0x00, 0x00, 0x00, 0x00,
    0x00, 0x00, 0x00, 0x00, 0x00, 0x00, 0x00, 0x00, 0x00, 0x00, 0x00, 0x00, 0x00, 0x89, 0x97, 0x91,
    0x8C, 0x8C, 0x8C, 0x8C, 0x8C, 0x8C, 0x8C, 0x8C, 0x8C, 0x8C, 0x8C, 0x0D, 0x00, 0x00, 0x00, 0x88,
    0x94, 0x8F, 0x8C, 0x8C, 0x8C, 0x8C, 0x8C, 0x8C, 0x8C, 0x8C, 0x8C, 0xC9, 0xFF, 0x11, 0x00, 0x00,
    0x00, 0x00, 0x00, 0x00, 0x00, 0x00, 0x00, 0x00, 0x00, 0x00, 0x00, 0x00, 0x00, 0x88, 0xFF, 0x09,
    0x00, 0x00, 0x00, 0x5C, 0xDD, 0xD6, 0xD0, 0xD0, 0xD0, 0xD0, 0xD0, 0xD0, 0xD0, 0xD0, 0xD0, 0xE9,
    0xFF, 0x08, 0x00, 0x00, 0x00, 0x24, 0x56, 0x4F, 0x48, 0x48, 0x48, 0x48, 0x48, 0x48, 0x48, 0x48,
    0x48, 0xA9, 0xFF, 0x08, 0x00, 0x00, 0x00, 0x2D, 0x32, 0x2C, 0x28, 0x28, 0x28, 0x28, 0x28, 0x28,
    0x28, 0x28, 0x28, 0x9A, 0xFF, 0x09, 0x00, 0x00, 0x00, 0xCB, 0xFB, 0xF5, 0xF0, 0xF0, 0xF0, 0xF0,
    0xF0, 0xF0, 0xF0, 0xF0, 0xF0, 0xF8, 0xFF, 0x0E, 0x00, 0x00, 0x00, 0x01, 0x00, 0x00, 0x00, 0x00,
    0x00, 0x00, 0x00, 0x00, 0x00, 0x00, 0x00, 0x77, 0xE0, 0x14, 0x00, 0x00, 0x00, 0xBC, 0xE5, 0xDD,
    0xDC, 0xDC, 0xDC, 0xDC, 0xDC, 0xDC, 0xDC, 0xDC, 0xDC, 0xE2, 0xEA, 0x2C, 0x00, 0x00, 0x00, 0x4C,
    0x56, 0x50, 0x50, 0x50, 0x50, 0xBE, 0xCB, 0x50, 0x50, 0x50, 0x50, 0x57, 0x5F, 0x12, 0x00, 0x2D,
    0xAC, 0xAC, 0xAC, 0xAC, 0xAC, 0xAC, 0xAC, 0xE0, 0xE7, 0xAC, 0xAC, 0xAC, 0xAC, 0xAC, 0xAC, 0xAC,
    0x48, 0x39, 0xFF, 0x9A, 0x80, 0x80, 0x80, 0x80, 0x80, 0xD0, 0xDA, 0x80, 0x80, 0x80, 0x80, 0x80,
    0x86, 0xFF, 0x60, 0x3C, 0xFF, 0x34, 0x66, 0xA4, 0xA4, 0xA4, 0x07, 0xA0, 0xB4, 0x21, 0xA4, 0xA4,
    0xA4, 0x8C, 0x0C, 0xFF, 0x63, 0x1A, 0x60, 0x13, 0x48, 0x74, 0x74, 0x74, 0x05, 0xA0, 0xB4, 0x17,
    0x74, 0x74, 0x74, 0x63, 0x04, 0x60, 0x28, 0x00, 0x00, 0x21, 0xC4, 0xC4, 0xC4, 0xC4, 0x46, 0xA0,
    0xB4, 0x27, 0xC4, 0xC4, 0xC4, 0xC4, 0x5E, 0x00, 0x00, 0x00, 0x00, 0x0E, 0x58, 0x60, 0x55, 0x54,
    0x1E, 0x02, 0x02, 0x11, 0x54, 0x54, 0x54, 0x54, 0x28, 0x00, 0x00, 0x00, 0x00, 0x00, 0x5F, 0xFF,
    0x12, 0x00, 0x00, 0x38, 0x94, 0x94, 0x94, 0x94, 0x94, 0x94, 0x94, 0x6B, 0x00, 0x05, 0x24, 0x1B,
    0x65, 0xFF, 0x21, 0x1F, 0x14, 0x59, 0xFF, 0x99, 0x98, 0x98, 0x98, 0x98, 0xDD, 0xB3, 0x00, 0x20,
    0xFF, 0xFF, 0xFF, 0xFF, 0xFF, 0xFF, 0x84, 0x53, 0xFF, 0x3F, 0x3C, 0x3C, 0x3C, 0x3C, 0xBF, 0xAC,
    0x00, 0x07, 0x33, 0x33, 0xEC, 0xFF, 0x2D, 0x30, 0x1D, 0x50, 0xFF, 0xF0, 0xF0, 0xF0, 0xF0, 0xF0,
    0xFA, 0xA8, 0x00, 0x00, 0x00, 0x7A, 0xFF, 0xFF, 0x5E, 0xC3, 0x07, 0x50, 0xFF, 0x04, 0x00, 0x00,
    0x00, 0x00, 0xAC, 0xA8, 0x00, 0x00, 0x2A, 0xF8, 0xDE, 0xFF, 0x4F, 0xFC, 0x97, 0x50, 0xFF, 0xD0,
    0xD0, 0xD0, 0xD0, 0xD0, 0xF0, 0xA8, 0x00, 0x11, 0xD9, 0xE5, 0x61, 0xFF, 0x04, 0x6E, 0x3C, 0x50,
    0xFF, 0x72, 0x70, 0x70, 0x70, 0x70, 0xD0, 0xA8, 0x00, 0xBC, 0xFA, 0x3E, 0x51, 0xFF, 0x05, 0x00,
    0x00, 0x52, 0xFF, 0x66, 0x64, 0x64, 0x64, 0x64, 0xCC, 0xA9, 0x00, 0x13, 0x46, 0x00, 0x59, 0xFF,
    0x0C, 0x00, 0x00, 0x55, 0xFF, 0xC8, 0xC8, 0xC8, 0xC8, 0xC8, 0xED, 0xAE, 0x00, 0x00, 0x00, 0x00,
    0x5B, 0xF4, 0x13, 0x00, 0x00, 0x5A, 0xF4, 0x03, 0x00, 0x00, 0x00, 0x00, 0x7B, 0x83, 0x00, 0x00,
    0x00, 0x70, 0x94, 0x8C, 0x8C, 0x8C, 0x8C, 0x8C, 0x8C, 0x8C, 0x8C, 0x8C, 0x8D, 0x95, 0x7C, 0x00,
    0x00, 0x00, 0x00, 0x70, 0x95, 0x8D, 0x8C, 0x8C, 0x8C, 0xD4, 0xD4, 0x8C, 0x8C, 0x8C, 0x8D, 0x96,
    0x7D, 0x00, 0x00, 0x19, 0x5C, 0x5C, 0x5C, 0x5C, 0x5C, 0x5C, 0x5C, 0xC2, 0xC2, 0x5C, 0x5C, 0x5C,
    0x5C, 0x5C, 0x5C, 0x5C, 0x03, 0x3F, 0xFF, 0xD9, 0xD0, 0xD0, 0xD0, 0xD0, 0xD0, 0xEE, 0xEE, 0xD0,
    0xD0, 0xD0, 0xD0, 0xD0, 0xE1, 0xFF, 0x05, 0x41, 0xFF, 0x34, 0x7B, 0x90, 0x90, 0x8B, 0x00, 0xA0,
    0xA0, 0x1D, 0x90, 0x90, 0x90, 0x4E, 0x5C, 0xFF, 0x03, 0x25, 0x88, 0x1B, 0x63, 0x74, 0x74, 0x70,
    0x00, 0xA0, 0xA0, 0x17, 0x74, 0x74, 0x74, 0x3F, 0x30, 0x88, 0x05, 0x00, 0x00, 0x00, 0x89, 0xB0,
    0xB0, 0xAA, 0x00, 0xA6, 0xA0, 0x27, 0xC4, 0xC4, 0xC4, 0x5B, 0x00, 0x00, 0x00, 0x00, 0x00, 0x00,
    0x51, 0x68, 0x68, 0x64, 0x00, 0x3A, 0x4C, 0xA2, 0x76, 0x54, 0x54, 0x27, 0x00, 0x00, 0x00, 0x00,
    0x57, 0xD0, 0xD0, 0xD0, 0xD0, 0xD0, 0x45, 0x00, 0x98, 0xFE, 0x95, 0x80, 0x80, 0x80, 0x7D, 0x07,
    0x00, 0x00, 0x6C, 0xE0, 0x48, 0x48, 0x48, 0xFA, 0x4B, 0x36, 0xFC, 0xFD, 0x9F, 0x98, 0xA2, 0xFF,
    0x97, 0x00, 0x00, 0x00, 0x6C, 0xDA, 0x28, 0x28, 0x28, 0xF9, 0x68, 0xE2, 0xA8, 0xC2, 0xB0, 0x0E,
    0xB3, 0xDA, 0x0E, 0x00, 0x00, 0x00, 0x6C, 0xFF, 0xFF, 0xFF, 0xF6, 0xF0, 0x55, 0x73, 0x16, 0x0C,
    0xC7, 0xF0, 0xE9, 0x23, 0x00, 0x00, 0x00, 0x00, 0x01, 0x04, 0x04, 0xEC, 0x68, 0x00, 0x00, 0x18,
    0x55, 0xB3, 0xFD, 0xB5, 0xE6, 0xEF, 0xB2, 0x95, 0x48, 0x00, 0x46, 0x94, 0x00, 0xEC, 0xE3, 0xD7,
    0x5D, 0xE1, 0xFF, 0xC2, 0x4C, 0x1C, 0x21, 0x6D, 0xB1, 0xD7, 0x31, 0x00, 0x6C, 0xD6, 0x00, 0xEC,
    0x92, 0x51, 0x20, 0x2C, 0x90, 0xF7, 0xD4, 0xD4, 0xD4, 0xE7, 0xDA, 0x00, 0x00, 0x00, 0x6C, 0xD4,
    0x00, 0xEC, 0x86, 0x55, 0x6A, 0x00, 0x76, 0xCC, 0x00, 0x00, 0x00, 0x74, 0xD1, 0x00, 0x00, 0x40,
    0xD6, 0xF9, 0xED, 0xFF, 0xE2, 0xBA, 0x78, 0x00, 0x77, 0xF3, 0xC4, 0xC4, 0xC4, 0xDF, 0xCD, 0x00,
    0x00, 0x14, 0xC2, 0x85, 0x47, 0x13, 0x00, 0x00, 0x00, 0x00, 0x7B, 0xCF, 0x40, 0x40, 0x40, 0x88,
    0xBC, 0x00, 0x00, 0x00, 0x0F, 0x37, 0x30, 0x2A, 0x28, 0x28, 0x28, 0x28, 0x28, 0x28, 0x28, 0x28,
    0x28, 0x08, 0x00, 0x00, 0x00, 0x44, 0xFF, 0xFF, 0xFF, 0xFF, 0xFF, 0xFF, 0xFF, 0xFF, 0xFF, 0xFF,
    0xFF, 0xFF, 0x26, 0x00, 0x00, 0x00, 0x16, 0x50, 0x49, 0x42, 0x40, 0x40, 0x40, 0x40, 0x40, 0x40,
    0x40, 0xB4, 0xFE, 0x07, 0x00, 0x00, 0x00, 0x00, 0x00, 0x00, 0x88, 0x87, 0x0D, 0x00, 0x00, 0x00,
    0x00, 0x00, 0xB3, 0xE4, 0x00, 0x00, 0x00, 0x00, 0x00, 0x00, 0x00, 0xDB, 0xE5, 0x00, 0x00, 0x00,
    0x00, 0x00, 0x00, 0xCE, 0xC3, 0x00, 0x00, 0x00, 0x00, 0x00, 0x00, 0x00, 0xEE, 0xB0, 0x00, 0x00,
    0x00, 0x00, 0x00, 0x00, 0xE7, 0xA5, 0x00, 0x00, 0x00, 0x00, 0x00, 0x00, 0x02, 0xFD, 0x92, 0x00,
    0x00, 0x00, 0x00, 0x00, 0x03, 0xFC, 0x8B, 0x00, 0x00, 0x00, 0x00, 0x00, 0x00, 0x18, 0xFF, 0x7C,
    0x00, 0x00, 0x00, 0x00, 0x00, 0x19, 0xFF, 0x73, 0x00, 0x00, 0x00, 0x00, 0x00, 0x00, 0x31, 0xFF,
    0xC1, 0x94, 0x94, 0x94, 0x94, 0x94, 0xA6, 0xFF, 0xBE, 0x94, 0x94, 0x8B, 0x00, 0x00, 0x00, 0x35,
    0xC0, 0xC0, 0xC0, 0xC0, 0xC0, 0xC0, 0xC0, 0xC0, 0xC0, 0xC0, 0xC0, 0xF0, 0xE0, 0x00, 0x00, 0x00,
    0x00, 0x00, 0x00, 0x00, 0x00, 0x00, 0x00, 0x00, 0x00, 0x00, 0x00, 0x00, 0xC6, 0xCD, 0x00, 0x00,
    0x00, 0x00, 0x00, 0x00, 0x00, 0x00, 0x00, 0x00, 0x00, 0x00, 0x00, 0x00, 0x00, 0xD1, 0xBB, 0x64,
    0xDD, 0xD6, 0xD4, 0xD4, 0xD4, 0xD4, 0xD4, 0xD4, 0xD4, 0xD4, 0xD7, 0xDE, 0x8B, 0x00, 0xE3, 0xA8,
    0x3F, 0x89, 0x83, 0x80, 0x80, 0x80, 0x80, 0x80, 0x80, 0x80, 0x81, 0x84, 0x8C, 0x58, 0x02, 0xFA,
    0x90, 0x00, 0x00, 0x00, 0x00, 0x00, 0x00, 0x00, 0x00, 0x00, 0x00, 0x00, 0x00, 0x00, 0x00, 0x27,
    0xFF, 0x6C, 0x00, 0x00, 0x00, 0x00, 0x00, 0x00, 0x00, 0x00, 0x00, 0x00, 0x07, 0x0F, 0x0F, 0x1B,
    0xA8, 0xFF, 0x35, 0x00, 0x00, 0x00, 0x00, 0x00, 0x00, 0x00, 0x00, 0x00, 0x00, 0x29, 0xFD, 0xFF,
    0xFF, 0xFF, 0xCA, 0x01, 0x00, 0x00, 0x00, 0x00, 0x00, 0x00, 0x00, 0x00, 0x00, 0x00, 0x00, 0xA4,
    0xB4, 0x98, 0x6A, 0x0F, 0x00, 0x00, 0x00, 0x00, 0x00, 0x00, 0x00, 0x00, 0x00, 0x00, 0x00, 0x00,
    0x23, 0x2E, 0x04, 0x00, 0x00, 0x00, 0x00, 0x00, 0x00, 0x00, 0x00, 0x00, 0x00, 0x00, 0x00, 0x00,
    0x00, 0x00, 0x00, 0x76, 0xFD, 0x23, 0x00, 0x00, 0x00, 0x00, 0x00, 0x00, 0x0C, 0x1B, 0x13, 0x10,
    0x10, 0x10, 0x10, 0x00, 0x0A, 0x10, 0xAC, 0xC3, 0x10, 0x10, 0x10, 0x10, 0x0C, 0x00, 0x00, 0x5C,
    0xFF, 0xFF, 0xFF, 0xFF, 0xFF, 0xF5, 0x01, 0x9C, 0xFF, 0xFF, 0xFF, 0xFF, 0xFF, 0xFF, 0xFF, 0xC7,
    0x00, 0x00, 0x17, 0x3D, 0x34, 0x30, 0x30, 0xA7, 0xD1, 0x00, 0x94, 0xE2, 0x30, 0x30, 0x30, 0x30,
    0x30, 0xCE, 0xB7, 0x00, 0x00, 0x00, 0x00, 0x00, 0x00, 0x00, 0xB5, 0xAB, 0x00, 0x8C, 0xDC, 0x00,
    0x91, 0x97, 0x00, 0x00, 0xC9, 0xA8, 0x00, 0x00, 0x00, 0x26, 0x1D, 0x00, 0x00, 0xE1, 0x7F, 0x00,
    0x8C, 0xDC, 0x00, 0x7D, 0xFA, 0x21, 0x00, 0xCF, 0x99, 0x00, 0x00, 0x00, 0xC3, 0xD5, 0x11, 0x17,
    0xFF, 0x4A, 0x00, 0x8C, 0xDC, 0x00, 0x0F, 0xB8, 0x32, 0x00, 0xE2, 0x89, 0x00, 0x00, 0x00, 0x1D,
    0xE5, 0xC2, 0x5F, 0xFC, 0x0F, 0x00, 0x8C, 0xDC, 0x00, 0x00, 0x0B, 0x93, 0xAB, 0xFF, 0x68, 0x00,
    0x00, 0x00, 0x00, 0x36, 0xF8, 0xF5, 0xC3, 0x00, 0x00, 0x8D, 0xDC, 0x00, 0x00, 0x00, 0xD3, 0xF2,
    0xA1, 0x0B, 0x00, 0x00, 0x00, 0x00, 0x00, 0x77, 0xFF, 0x8A, 0x00, 0x00, 0x94, 0xDF, 0x18, 0x18,
    0x18, 0x25, 0x18, 0x18, 0x18, 0x17, 0x00, 0x00, 0x00, 0x00, 0xBA, 0xFE, 0xF6, 0x2C, 0x00, 0x9B,
    0xFF, 0xFF, 0xFF, 0xFF, 0xFF, 0xFF, 0xFF, 0xFF, 0xF0, 0x00, 0x00, 0x00, 0x66, 0xFF, 0x69, 0xD5,
    0xCE, 0x04, 0x18, 0x28, 0x28, 0x28, 0x28, 0x28, 0x28, 0x28, 0xAA, 0xDE, 0x00, 0x00, 0x31, 0xF3,
    0xAF, 0x00, 0x46, 0xE4, 0x21, 0x00, 0x00, 0x00, 0x00, 0x00, 0x00, 0x00, 0x00, 0xA9, 0xCB, 0x00,
    0x2B, 0xE8, 0xD8, 0x0F, 0x00, 0x00, 0x10, 0xB1, 0xC1, 0xBD, 0xBC, 0xBC, 0xBC, 0xC4, 0x8F, 0x00,
    0xB9, 0xB9, 0x0B, 0xE6, 0xE8, 0x22, 0x00, 0x00, 0x00, 0x00, 0x92, 0x9D, 0x99, 0x98, 0x98, 0x99,
    0xA1, 0x76, 0x00, 0xC8, 0xA6, 0x00, 0x48, 0x2F, 0x00, 0x00, 0x00, 0x00, 0x00, 0x00, 0x00, 0x00,
    0x00, 0x00, 0x00, 0x00, 0x00, 0x05, 0xEE, 0x8C, 0x00, 0x00, 0x00, 0x00, 0x00, 0x00, 0x00, 0x00,
    0x00, 0x00, 0x00, 0x00, 0x00, 0x00, 0x6D, 0x8A, 0xC6, 0xFF, 0x4B, 0x00, 0x00, 0x00, 0x00, 0x00,
    0x00, 0x00, 0x00, 0x00, 0x00, 0x00, 0x00, 0x00, 0x00, 0x7F, 0xFC, 0xD6, 0x7B, 0x00, 0x00, 0x00,
    0x00, 0x00, 0x00, 0x00, 0x00, 0x00, 0x00, 0x00, 0x00, 0x00, 0x00, 0x00, 0x06, 0x05, 0x00, 0x00,
    0x00, 0x00, 0x00, 0x00, 0x00, 0x00, 0x00, 0x0F, 0x00, 0x00, 0x00, 0x00, 0x00, 0x00, 0x00, 0x00,
    0x00, 0x00, 0x00, 0x00, 0x00, 0x57, 0x82, 0x95, 0xB0, 0xD9, 0xF7, 0x22, 0x25, 0x97, 0x8E, 0x8C,
    0x8C, 0x8C, 0x8C, 0x37, 0x00, 0x00, 0x00, 0x00, 0xA6, 0xE2, 0x82, 0x72, 0x63, 0x5B, 0x33, 0x2A,
    0xAE, 0xA6, 0xA0, 0xA0, 0xA7, 0xFF, 0x5E, 0x00, 0x00, 0x00, 0x00, 0x99, 0xC0, 0x00, 0x00, 0x00,
    0x00, 0x00, 0x00, 0x00, 0x00, 0x00, 0x00, 0x14, 0xFF, 0x56, 0x00, 0x00, 0x00, 0x00, 0x94, 0xEA,
    0xA8, 0xA8, 0xA9, 0xAF, 0x6D, 0x0E, 0xB6, 0xAE, 0xA8, 0xA8, 0xAE, 0xFF, 0x54, 0x00, 0x00, 0x00,
    0x00, 0x94, 0xE1, 0x84, 0x84, 0x86, 0x8F, 0x59, 0x0B, 0x93, 0x8B, 0x84, 0x84, 0x8D, 0xFF, 0x54,
    0x00, 0x00, 0x00, 0x00, 0x97, 0xC0, 0x00, 0x00, 0x00, 0x00, 0x00, 0x00, 0x00, 0x00, 0x00, 0x00,
    0x14, 0xFF, 0x56, 0x00, 0x00, 0x00, 0x00, 0x9D, 0xEC, 0xB0, 0xB0, 0xB0, 0xB0, 0xB0, 0xB0, 0xB0,
    0xB0, 0xB0, 0xB0, 0xB6, 0xFF, 0x5D, 0x00, 0x00, 0x00, 0x00, 0x50, 0x7C, 0x7C, 0x7C, 0x7C, 0x7C,
    0x7C, 0x7C, 0x7C, 0x7C, 0x7C, 0x7C, 0x7C, 0x7C, 0x31, 0x00, 0x00, 0x00, 0x00, 0x78, 0xA0, 0x00,
    0x7D, 0x6E, 0x00, 0x80, 0xB3, 0x09, 0xA3, 0x2B, 0x00, 0x74, 0x6F, 0x00, 0x00, 0x00, 0x00, 0x00,
    0x99, 0xC5, 0x00, 0x6E, 0xFE, 0x4F, 0x92, 0xC8, 0x0D, 0xB8, 0xF3, 0x1D, 0xBD, 0xCC, 0x00, 0x00,
    0x00, 0x00, 0x00, 0x94, 0xC0, 0x00, 0x06, 0x44, 0x02, 0x90, 0xC4, 0x00, 0x04, 0x45, 0x00, 0xB1,
    0xBE, 0x00, 0x00, 0x00, 0x00, 0x00, 0x94, 0xC0, 0x1F, 0xDB, 0x60, 0x00, 0x90, 0xC4, 0x23, 0xC4,
    0x30, 0x00, 0xA4, 0xC4, 0x00, 0x00, 0x00, 0x00, 0x00, 0x94, 0xC0, 0x0D, 0xA8, 0xFF, 0x65, 0x90,
    0xC4, 0x1C, 0xC4, 0xF8, 0x3B, 0x8A, 0xD3, 0x00, 0x00, 0x00, 0x00, 0x00, 0x94, 0xC0, 0x00, 0x00,
    0x72, 0x0C, 0x90, 0xC4, 0x00, 0x06, 0x73, 0x02, 0x68, 0xF7, 0x02, 0x0B, 0x02, 0x00, 0x00, 0x94,
    0xC0, 0x01, 0x51, 0x70, 0x00, 0x91, 0xC4, 0x00, 0x30, 0x8B, 0x04, 0x3A, 0xFF, 0x3A, 0x5F, 0xC3,
    0x21, 0x00, 0xAD, 0xE1, 0xD3, 0xFF, 0xA9, 0x00, 0xB8, 0xE7, 0xCD, 0xFF, 0xDF, 0x27, 0x04, 0xE6,
    0xBC, 0xC8, 0xF1, 0x0E, 0x1A, 0xFA, 0xFF, 0xBB, 0x37, 0x00, 0x00, 0xC2, 0xFF, 0xB8, 0x47, 0x02,
    0x00, 0x00, 0x5B, 0xFE, 0xFF, 0x7B, 0x00, 0x00, 0x99, 0x5B, 0x00, 0x00, 0x00, 0x00, 0x1D, 0x4E,
    0x00, 0x00, 0x00, 0x00, 0x00, 0x00, 0x43, 0x77, 0x05, 0x00, 0x00, 0x00, 0x00, 0x00, 0x00, 0x00,
    0x0A, 0x43, 0x0C, 0x00, 0x00, 0x00, 0x00, 0x00, 0x00, 0x00, 0x00, 0x00, 0x00, 0x00, 0x00, 0x00,
    0x00, 0x00, 0x00, 0x13, 0xFF, 0xD2, 0x00, 0x00, 0x00, 0x4E, 0x01, 0x00, 0x00, 0x00, 0x00, 0x00,
    0x00, 0x00, 0x00, 0x00, 0x00, 0x00, 0x09, 0xFF, 0x9B, 0x00, 0x00, 0x53, 0xFF, 0x95, 0x00, 0x00,
    0x00, 0x00, 0x00, 0x00, 0x00, 0x00, 0x00, 0x00, 0x00, 0x03, 0xFF, 0x86, 0x00, 0x00, 0x01, 0xA9,
    0xFF, 0x69, 0x00, 0x00, 0x00, 0x00, 0x00, 0x00, 0x00, 0x00, 0x00, 0x00, 0x0B, 0xFF, 0x76, 0x00,
    0x00, 0x00, 0x0A, 0xC1, 0x39, 0x00, 0x00, 0x00, 0x00, 0x22, 0x76, 0x6F, 0x69, 0x68, 0x68, 0x75,
    0xFF, 0xA4, 0x68, 0x68, 0x68, 0x68, 0x68, 0x68, 0x73, 0x81, 0x48, 0x00, 0x47, 0xFB, 0xF4, 0xED,
    0xEC, 0xEC, 0xF3, 0xFF, 0xF1, 0xF8, 0xFD, 0xEC, 0xEC, 0xEC, 0xEC, 0xF2, 0xF9, 0x83, 0x00, 0x00,
    0x00, 0x00, 0x00, 0x00, 0x00, 0x73, 0xFF, 0x2D, 0x9C, 0xE0, 0x00, 0x00, 0x00, 0x00, 0x00, 0x00,
    0x00, 0x00, 0x00, 0x00, 0x00, 0x00, 0x00, 0x00, 0xA2, 0xF7, 0x04, 0x9C, 0xE0, 0x00, 0x00, 0x00,
    0x0F, 0x00, 0x00, 0x00, 0x00, 0x00, 0x00, 0x00, 0x00, 0x00, 0x00, 0xE5, 0xBD, 0x00, 0x9C, 0xE0,
    0x00, 0x00, 0x1C, 0xF6, 0xAD, 0x06, 0x00, 0x00, 0x00, 0x00, 0x00, 0x00, 0x00, 0x39, 0xFF, 0x73,
    0x00, 0x9C, 0xE0, 0x00, 0x00, 0x99, 0xFF, 0x62, 0x00, 0x00, 0x00, 0x00, 0x00, 0x00, 0x00, 0x00,
    0xA5, 0xF7, 0x13, 0x00, 0x9C, 0xE0, 0x00, 0x38, 0xFD, 0x9F, 0x00, 0x00, 0x00, 0x00, 0x00, 0x00,
    0x00, 0x00, 0x31, 0xFD, 0x9B, 0x00, 0x00, 0x9C, 0xE0, 0x0E, 0xDD, 0xDB, 0x0D, 0x00, 0x00, 0x00,
    0x00, 0x00, 0x00, 0x00, 0x0A, 0xCF, 0xF9, 0x27, 0x00, 0x00, 0x9C, 0xE1, 0xB0, 0xF7, 0x30, 0x00,
    0x00, 0x00, 0x00, 0x00, 0x00, 0x00, 0x01, 0xAA, 0xFF, 0x80, 0x00, 0x00, 0x00, 0x9C, 0xFF, 0xFA,
    0x51, 0x00, 0x00, 0x00, 0x00, 0x00, 0x00, 0x00, 0x00, 0x84, 0xFF, 0xBE, 0x03, 0x00, 0x00, 0x4B,
    0xEC, 0xFD, 0x4F, 0x00, 0x00, 0x00, 0x00, 0x54, 0x2E, 0x00, 0x08, 0x97, 0xFF, 0xCE, 0x10, 0x00,
    0x27, 0xAC, 0xFF, 0xFB, 0xF2, 0x00, 0x00, 0x00, 0x00, 0x00, 0xB6, 0xFF, 0x2B, 0xAA, 0xFF, 0xCA,
    0x14, 0x00, 0x7F, 0xFD, 0xF1, 0x72, 0x8D, 0xFF, 0xB4, 0x9C, 0x9C, 0x9E, 0xB7, 0xFD, 0xB2, 0x00,
    0x06, 0x7D, 0x0B, 0x00, 0x00, 0x0E, 0x85, 0x15, 0x00, 0x20, 0x90, 0xA3, 0xA4, 0xA4, 0xA4, 0xA3,
    0x8A, 0x16, 0x00, 0x00, 0x06, 0xE9, 0xBB, 0x91, 0xE4, 0xBD, 0x93, 0x00, 0x06, 0x53, 0x69, 0x6D,
    0x48, 0x65, 0x69, 0x01,
};
